Vietnam Acad Sci & Technol, Insititute Ecol & Biol Resources, 18 Hoang Quoc Viet St, Hanoi, Vietnam
VAST, Nha Trang Inst Technol & Applicat NITRA, 2 Hung Vuong St, Nha Trang City, Vietnam
Vietnam Acad Sci & Technol, Inst Appl Phys & Sci Instrument, 18 Hoang Quoc Viet, Hanoi, Vietnam
Vietnam Acad Sci & Technol, Inst Ecol & Biol Resources, Dept Nematol, Ho Chi Minh City, Vietnam
VAST, Inst Mech, 18 Hoang Quoc Viet, Hanoi, Vietnam
Univ Sci & Technol Hanoi, Vietnam Acad Sci & Technol, ICT Lab, 18 Romig Quoc Viet Str, Hanoi, Vietnam
GUST, Vietnam Acad Sci & Technol, 18 Hoang Quoc Viet Rd, Hanoi, Vietnam
Vietnam Acad Sci & Technol, Hanoi Inst Math, 18 Hoang Quoc Viet, Hanoi 10307, Vietnam
Vietnam Acad Sci & Technol, Inst Chem Technol, Dept Bioact Compound, Ho Chi Minh City, Vietnam
Vietnam Acad Sci & Technol, Inst Chem, Dept Analyt Chem, Hanoi, Vietnam
Vietnam Acad Sci & Technol, Inst Environm Technol, Ha Noi City 10000, Vietnam
Vietnam Acad Sci & Technol, Vietnam Natl Museum Nat, Dept Biol, 18 Hoang Quoc Viet, Hanoi, Vietnam
Vietnam Acad Sci & Technol, Inst Informat Technol, Hanoi, Vietnam
Vietnam Acad Sci & Technol, Inst Mat Sci, 18-Hoang Quoc Viet, Hanoi, Vietnam
Grad Univ Sci & Technol VAST, Hanoi, Vietnam
Vietnam Acad Sci & Technol, Inst Marine Biochem, 18 Hoang Quoc Viet Rd, Hanoi, Vietnam
VAST, Inst Mat Sci, Hanoi, Vietnam
Vietnam Acad Sci & Technol, Inst Chem, Analyt Sci Lab, Hanoi, Vietnam
Grad Univ Sci & Technol, 18 Hoang Quoc Viet Str, Hanoi, Vietnam
Inst Biotechnol Hanoi, Vast, Vietnam
VAST, Inst Marine Biochem, 18 Hoang Quoc Viet Rd, Hanoi, Vietnam
VAST, Inst Chem, 18 Hoang Quoc Viet, Hanoi, Vietnam
VAS, Inst Marine Biochem, 18 Hoang Quoc Viet, Hanoi, Vietnam
VAST, Inst Chem, Dept Surface Chem, 18 Hoang Quoc Viet, Hanoi, Vietnam
Grad Univ Sci & Technol, Vietnam Acad Sci & Technol, 18 Hoang Quoc Viet, Hanoi 100000, Vietnam
Vietnam Acad Sci & Technol, Inst Geog, 18 Hoang Quoc Viet, Hanoi, Vietnam
Inst Geol Sci VAST, 84 Chua Lang St, Hanoi, Vietnam
Vietnam Acad Sci & Technol, Inst Chem Technol, Hochiminh City 700000, Vietnam
Vietnam Acad Sci & Technol, Inst Mat Sci, 18 Hoang Quoc Viet, Hanoi 10000, Vietnam
Hanoi Univ Nat Resources & Environm, 18 Hoang Quoc Viet St, Hanoi, Vietnam
VAST, Inst Biotechnol IBT, Natl Key Lab Gene Technol, Hanoi, Vietnam
Vietnam Acad Sci & Technol, Inst Marine Biochem, 18 Hoang Quoc Viet, Hanoi 10000, Vietnam
Vietnam Acad Sci & Technol, Inst Mech, Doi Can Ba Dinh Ha Noi 264, Vietnam
Vietnam Acad Sci & Technol, Inst Marine Geol & Geophys, 18 Hoang Quoc Viet Str, Hanoi, Vietnam
Vietnam Acad Sci & Technol, Space Technol Inst, 18 Hoang Quoc Viet Str, Hanoi 10000, Vietnam
Inst Ecol & Biol Resources, Dept Vertebrate Zool, Hanoi, Vietnam
Vietnam Acad Sci & Technol, Inst Geol, Hanoi, Vietnam
Vietnam Acad Sci & Technol, Vietnam Natl Museum Nat, 18 Hoang Quoc Viet Red, Hanoi, Vietnam
VAST, Ctr Informat & Comp, 18 Hoang Quoc Viet, Hanoi, Vietnam
Vietnamese Acad Sci & Technol, Inst Informat Technol, 18 Hoang Quoc Viet, Hanoi, Vietnam
Vietnam Acad Sci & Technol, Inst Appl Mat, 1 Mac Dinh Chi St,Dist 1, Ho Chi Minh City, Vietnam
Vietnamese Acad Sci & Technol, Inst Geol Sci, Ho Chi Minh City, Vietnam
Inst Ecol & Biol Resources, Dept Plant Resources, Hanoi, Vietnam
Vietnam Acad Sci & Technol, Inst Marine Biochem IMBC, 18 Hoang Quoc Viet, Hanoi, Vietnam
Vietnam Acad Sci & Technol, Inst Trop Biol, Ho Chi Minh City, Vietnam
Vietnam Acad Sci & Technol, Inst Biotechnol, 18 Hoang Quoc Viet St, Hanoi, Vietnam
Inst Trop Biol, VNM Herbarium, Ho Chi Minh City, Vietnam
Inst Chem Technol VAST, 01 Mac Dinh Chi Str, Ho Chi Minh City, Vietnam
VAST, IEBR, Dept Parasitol, 18 Hoang Quoc Viet Rd, Hanoi, Vietnam
VAST, Tay Nguyen Inst Sci Res, Lam Dong 670000, Vietnam
Vietnamese Acad Sci & Technol, Inst Marine Environm & Resources, 246 Danang, Haiphong, Vietnam
VAST, Inst Trop Biol, 85 Tran Quoc Toan, Ho Chi Minh City, Vietnam
Vietnam Acad Sci & Technol, Inst Math, 18 Hoang Quoc Vict, Hanoi 10307, Vietnam
VAST, 18 Hoang Quoc Viet, Hanoi, Vietnam
Vietnam Acad Sci & Technol, Inst Biotechnol, Lab Embryo Biotechnol, Hanoi, Vietnam
Grad Univ Sci & Technol, VAST, Hanoi, Vietnam
Vietnam Acad Sci & Technol, Inst Biotechnol, 18 Hoang Quoc Viet Rd, Hanoi, Vietnam
Vietnam Acad Sci & Technol, 18th Hoang Quoc Viet St, Hanoi, Vietnam
Vietnam Acad Sci & Technol, Insitute Marine Biochem, 18 Hoang Quoc Viet, Hanoi, Vietnam
Inst Mech VAST, 264 Doi Can, Hanoi, Vietnam
Vietnam Acad Sci & Technol, Lab Bioact Compound Technol, Inst Chem, 18 Hoang Quoc Viet, Hanoi, Vietnam
Vietnamese Acad Sci & Technol, Inst Mat Sci, Lab Mat & Engn Fibre Opt, 18 Hoang Quoc Viet, Hanoi 10000, Vietnam
VAST, Inst Math, 18 Hoang Quoc Viet, Hanoi, Vietnam
Vietnam Acad Sci & Technol, So Inst Ecol, Chi Minh City, Vietnam
VAST, IMER, Haiphong, Vietnam
Vietnam Grad Univ Sci & Technol, Vietnam Acad Sci & Technol, Hanoi 100000, Vietnam
VAST, Insitute Marine Biochem, 18 Hoang Quoc Viet, Hanoi, Vietnam
Vietnam Acad Sci & Technol, Inst Math, Dept Math Comp Sci, 18 Hoang Quoc Viet Rd, Hanoi, Vietnam
Vietnam Acad Sci & Technol, Dept Environm Enhancement Solut, Inst Environm Technol, 18 Hoang Quoc Viet St, Hanoi, Vietnam
VAST, Inst Phys, 10 Dao Tan St, Hanoi, Vietnam
Inst Math Hanoi VAST, 18 Hoang Quoc Viet, Hanoi 10307, Vietnam
Vietnam Acad Sci & Technol, Southern Inst Ecol, Hcmc, Vietnam
Vietnam Acad Sci & Technol, Inst Biotechnol IBT, 18 Hoang Quoc Viet St, Hanoi 100000, Vietnam
Grad Univ Sci & Technol, Vietnam Acad Sci & Technol, Fac Biotechnol, Hanoi, Vietnam
Viet Nam Acad Sci & Technol, Ctr Training Consultancy & Technol Transfer, Hanoi, Vietnam
VAST, Inst Marine Environm & Resources, Hanoi, Vietnam
Vietnam Acad Sci & Technol, Inst Environm Technol, 18 Hoang Quoc Viet Rd, Hanoi, Vietnam
VAST, Inst Biotechnol IBT, 18 Hoang Quoc Viet, Hanoi, Vietnam
Vietnam Acad Sci & Technol, Inst Mech, Ho Chi Minh City, Vietnam
Vietnam Acad Sci & Technol, Inst Phys, Ctr Computat Phys, 10 Dao Tan St, Hanoi 100000, Vietnam
Vietnamese Acad Sci & Technol, Inst Biotechnol, Algal Biotechnol Dept, Hanoi, Vietnam
VAST, Inst Geophys, Hanoi, Vietnam
Vietnamese Acad Sci & Technol, Inst Nat Prod Res, 18 Hoang Quoc Viet, Hanoi, Vietnam
Vietnam Acad Sci & Technol, Inst Mat Sci, 18 Hoang Quoc Viet Hanoi, Hanoi, Vietnam
Vietnam Acad Sci & Technol VAST, Adv Ctr Phys, 18 Hoang Quoc Viet, Hanoi, Vietnam
Vietnam Acad Sci & Technol, Inst Trop Biol, Dept Biol Resources, Hochiminh City, Vietnam
Vietnam Acad Sci & Technol, 18 Hoang Quoc Viet, Hanoi, Vietnam
Viet Nam Acad Sci & Technol, Inst Phys, 10 Dao Tan, Hanoi, Vietnam
Inst Chem Technol, 01 Mac Dinh Chi St, Ho Chi Minh City 70000, Vietnam
Dept Adv Mat Sci & Nanotechnol, 18 Hoang Quoc Viet, Hanoi, Vietnam
Inst Biotechnol, Dept Immunol, Hanoi, Vietnam
VAST Inst Marine Geol & Geophys, 18 Hoang Quoc Viet St, Hanoi, Vietnam
Vietnam Acad Sci & Technol, Inst Phys, Ctr Nucl Phys, Hanoi 10000, Vietnam
Grad Univ Sci & Technol, Vietnam Acad Sci & Technol, 18 Hoang Quoc Viet, Hanoi 10000, Vietnam
Vietnam Acad Sci & Technol, Vietnam Natl Museum Nat, Dept Biol, 18 Hoang Quoc Viet St, Hanoi, Vietnam
Vietnam Acad Sci & Technol, Space Technol Inst, Hanoi, Vietnam
Vietnamese Acad Sci & Technol, Inst Phys, 10 Dao Tan, Hanoi, Vietnam
Vietnam Acad Sci & Technol, Inst Ecol & Biol Resources, Hanoi 10000, Vietnam
Vietnam Acad Sci & Technol, Inst Phys, Ctr Computat Phys, Hanoi 10000, Vietnam
Vietnam Acad Sci & Technol, Inst Oceanog, Nha Trang, Vietnam
Vietnam Acad Sci & Technol, Southern Inst Ecol, Hanoi, Vietnam
Vietnam Acad Sci & Technol, Vietnam Natl Museum Nat, 18th Hoang Quoc Viet Rd,Cau, Hanoi, Vietnam
Vietnam Acad Sci & Technol, Inst Appl Phys & Sci Instrument, Hanoi, Vietnam
Vietnam Acad Sci & Technol, Inst Ecol & Biol Resources, 18 Hoang Quoc Viet St, Hanoi, Vietnam
Vietnam Acad Sci & Technol, Ctr Informat & Comp, 18 Hoang Quoc Viet, Hanoi, Vietnam
Vietnam Acad Sci & Technol, Inst Ecol & Biol Resources, Dept Mol Systemat & Conservat Genet, 18 Hoang Quoc Viet, Hanoi, Vietnam
Inst Energy Sci, Hanoi, Vietnam
VAST, HCMC Inst Resources Geog, 01 Mac Dinh Chi St,Dist 1, Ho Chi Minh City, Vietnam
Vietnam Acad Sci & Technol, Dept Bot, Inst Ecol & Biol Resources, 18 Hoang Quoc Viet, Hanoi, Vietnam
Vietnam Acad Sci & Technol, Inst Phys, 18 Hoang Quoc Viet, Hanoi, Vietnam
VAST, Inst Biotechnol, 18 Hoang Quoc Viet, Hanoi, Vietnam
Vietnam Acad Sci & Technol, Inst Chem, Dept Green Chem, Hanoi, Vietnam
Inst Phys, 10 Dao Tan, Hanoi, Vietnam
Vietnam Acad Sci & Technol, Inst Environm Technol, 18 Hoang Quoc Viet Str, Hanoi, Vietnam
Hanoi Inst Math, VAST, Hanoi, Vietnam
Vietnam Acad Sci & Technol VASC, Inst Geol Sci, 84 Chua Lang St, Hanoi 100000, Vietnam
Inst Appl Mat Sci, 1 Mac Dinh Chi St,Dist 1, Ho Chi Minh City, Vietnam
Vietnam Acad Sci & Technol, Inst Appl Mat Sci, 01 Mac Dinh Chi,Dist 1, Ho Chi Minh City, Vietnam
Vietnam Acad Sci & Technol, Tay Nguyen Inst Sci Res, 116 Xo Viet Nghe Tinh, Dalat City, Lam Dong Provin, Vietnam
Vietnam Acad Sci & Technol, Inst Chem, 18 Hoang Quoc Viet Rd, Hanoi, Vietnam
Vietnam Acad Sci & Technol, Vietnam Natl Museum Nat, 18 Hoang Quoc Viet, Hanoi, Vietnam
Vietnam Acad Sci & Technol, Inst Ecol & Biol Resources, Dept Bot, 18 Hoang Quoc Viet, Hanoi, Vietnam
USTH, CleanED, Cau Giay, Ha Noi, Vietnam
Vietnamese Acad Sci & Technol, Inst Geol, Hanoi, Vietnam
Vietnam Acad Sci & Technol, Inst Math, 18 Hoang Quoc Viet, Hanoi 100000, Vietnam
Vietnam Acad Sci & Technol, Tay Nguyen Inst Sci Res, Cau Giay, Ha Noi, Vietnam
Vietnam Acad Sci & Technol, Inst Geol Sci, Hanoi, Vietnam
Vietnam Acad Sci & Technol, Inst Geol Sci, 84 Chua Lang, Hanoi, Vietnam
Inst Trop Biol VAST, Dept Biol Resources, 85 Tran Quoc Toan Str,Distr 3, Hochiminh City, Vietnam
VAST, Ctr Informat & Comp, Hanoi, Vietnam
Vietnam Acad Sci & Technol, Inst Biotechnol, Lab Bioinformat, 18 Hoang Quoc Viet, Hanoi, Vietnam
Vietnamese Acad Sci & Technol, Inst Phys, 10 Dao Tan St, Hanoi, Vietnam
Grad Univ Sci & Technol, Vietnam Acad Sci & Technol, Ho Chi Minh City, Vietnam
Vietnam Acad Sci & Technol, CIC, 18 Hoang Quoc Viet Cau Giay, Hanoi, Vietnam
Vietnam Acad Sci & Technol, Inst Sci Informat, 18 Hoang Quoc Viet St, Hanoi, Vietnam
Vietnam Acad Sci & Technol, Inst Mat Sci, Dept Adv Metall Mat, Hanoi, Vietnam
Vietnam Acad Sci & Technol, Inst Phys, 10 Dao Tan, Ba Dinh, Ha Noi, Vietnam
Acad Sci & Technol, Vietnam Natl Museum Nat, Specimen Collect Management Dept, 18 Hoang Quoc Viet St, Hanoi, Vietnam
Vietnam Acad Sci & Technol, Inst Appl Mat Sci, 01 Mac Dinh Chi,Dist 1, Ho Chi Minh City 70000, Vietnam
Viet Nam Acad Sci & Technol, Hanoi, Vietnam
Vietnam Acad Sci & Technol, Training & Serv Bldg,18 Hoang Quoc Viet, Hanoi, Vietnam
VAST, Inst Biotechnol, 18 Hoang Quoc Viet, Hanoi 100000, Vietnam
Vietnam Acad Sci & Technol, Inst Trop Biol, Dept Environm Management & Technol, 85 Tran Quoc Toan,Dist 3, Ho Chi Minh City, Vietnam
Vietnam Acad Sci & Techonl, IEBR, Hanoi, Vietnam
Vietnam Acad Sci & Technol, Inst Oceanog, Dept Marine Biochem, Nha Trang City, Vietnam
Vietnam Acad Sci & Technol, Inst Mat Sci, Lab Biomed Nanomat, 18 Hoang Quoc Viet Rd, Hanoi, Vietnam
Vietnam Acad Sci & Technol, USTH, Dept Adv Mat Sci & Nanotechnol, 18 Hoang Quoc Viet, Hanoi, Vietnam
Vietnam Acad Sci & Technol, Grad Univ Sci & Technol, 18 Hoang Quoc Viet St, Hanoi, Vietnam
Vietnam Acad Sci & Technol, Southern Inst Ecol, Dept Zool, 01 Mac Dinh Chi, Ho Chi Minh City, Vietnam
Vietnam Acad Sci & Technol, Inst Phys, Hanoi, Vietnam
VAST, Inst Trop Biol, 85 Tran Quoc Toan Str,Dist 3, Ho Chi Minh, Vietnam
VAST, Inst Math, 18 Hoang Quoc Viet, Hanoi 10307, Vietnam
Vietnam Acad Sci & Technol, Inst Genome Res, Funct Genom Lab, 18 Hoang Quoc Viet, Hanoi, Vietnam
VAST, HCMC Inst Resources Geog, Ho Chi Minh City, Vietnam
Inst Mat Sci VAST, 18 Hoang Quoc Viet, Hanoi, Vietnam
Vietnam Acad Sci & Technol, Inst Biotechnol IBT, 18 Hoang Quoc Viet, Hanoi, Vietnam
Vietnam Acad Sci & Technol, Inst Nat Prod Chem, Bldg 1H,18 Hoang Quoc Viet,Postal Code 84, Hanoi, Vietnam
Vietnam Acad Sci & Technol, Algal Biotechnol Dept, Inst Biotechnol, 18 Hoang Quoc Viet Str, Hanoi, Vietnam
VAST, Inst Marine Biochem, Adv Ctr Bioorgan Chem, 18 Hoang Quoc Viet, Hanoi, Vietnam
Vietnam Acad Sci & Technol, Inst Environm Technol, Dept Environm Hydrobiol, A30,18 Hoang Quoc Viet St, Hanoi, Vietnam
Vietnam Acad Sci & Technol, Inst Phys, Adv Ctr Phys, Hanoi 100000, Vietnam
Inst Trop Technol, 18 Hoang Quoc Viet, Hanoi, Vietnam
Vietnam Acad Sci & Technol, Inst Oceanog, 01 Cau Da, Nha Trang City, Khanh Hoa Provi, Vietnam
VAST, Inst Mech, Hanoi, Vietnam
Vietnam Acad Sci & Technol, Inst Oceanog, 01 Cauda, Nha Trang City, Vietnam
Univ Sci & Technol Hanoi, Vietnam Acad Sci & Technol, ICTLab, 18 Hoang Quoc Viet Str, Hanoi, Vietnam
Vietnam Acad Sci & Technol, IMS, R 125,Bld A2,18 Hoang Quoc Viet Rd, Hanoi, Vietnam
Vietnam Acad Sci & Technol, Inst Chem, 18 Hoang Quoc Viet, Cau Giay, Ha Noi, Vietnam
Vietnam Acad Sci & Technol, Ctr High Technol Dev HTD, 18 Hoang Quoc Viet Str, Hanoi, Vietnam
Vietnam Acad Sci & Technol, Grad Univ Sci & Technol, 18 Hoang Quoc Viet, Cau Giay, Ha Noi, Vietnam
VAST, Southern Inst Ecol, Ho Chi Minh City, Vietnam
VAST, Inst Trop Biol, Ho Chi Minb, Vietnam
VAST, IMBC, Adv Ctr Bioorgan Chem, 18 Hoang Quoc Viet, Hanoi, Vietnam
Vietnam Acad Sci & Technol, Inst Nat Prod Chem, Environm Chem Lab, 18 Hoang Quoc Viet Rd, Hanoi, Vietnam
Vietnam Acad Sci & Technol, Inst Appl Mat Sci, 01 Mac Dinh Chi,Dist 1, Ho Chi Minh City 70000, Ho Chi Minh, Vietnam
Vietnam Acad Sci & Technol, Hochiminh City Inst Resources Geog, 01 Mac Dinh Chi,Dist 1, Ho Chi Minh City, Vietnam
VAST, Inst Genome Res, 18 Hoang Quoc Viet, Hanoi, Vietnam
VNMN, Hanoi, Vietnam
Vietnam Acad Sci & Technol, Inst Trop Biol, Plant Cell Technol Dept, 9-621 Ha Noi Highway, Ho Chi Minh City, Vietnam
Vietnam Acad Sci & Technol, Inst Oceanog, 1 Cau Da, Nha Trang, Khanh Hoa, Vietnam
Vietnam Acad Sci & Technol, Inst Ecol & Biol Resources, Insect Ecol Dept, 18 Hoang Quoc Viet Rd, Hanoi, Vietnam
Vietnam Acad Sci & Technol, Inst Biotechnol, Cau Giay, Ha Noi, Vietnam
Inst Trop Biol, VNM Herbarium, Vast, 85 Tran Quoc Toan St,Dist 3, Ho Chi Minh City, Vietnam
Vietnam Acad Sci & Technol, Inst Mat Sci, Lab Carbon Nanomat, A2 Bldg,18 Hoang Quoc Viet Rd, Hanoi 122102, Vietnam
VAST, Vietnam Natl Museum Nat, 18 Hoang Quoc Viet Rd, Hanoi, Vietnam
Vietnam Acad Sci & Technol, Inst Marine Biochem, Hanoi, Vietnam
Vietnam Natl Museum Nat VNMN, Hanoi, Vietnam
Vietnam Acad Sci & Technol, Inst Trop Biol, Dept Anim Biotechnol, Ho Chi Minh City, Bacninh Provinc, Vietnam
Vietnam Acad Sci & Technol, Inst Biotechnol, Dept Immunol, 18 Hoang Quoc Viet, Hanoi, Vietnam
Vietnam Acad Sci & Technol, Inst Oceanog, 01 Cau Da, Vinh Nguyen, Nha Trang, Vietnam
Vietnam Acad Sci & Technol, Inst Phys, Adv Ctr Phys, 18 Hoang Quoc Viet, Hanoi 100000, Vietnam
Vietnam Acad Sci & Technol, Dept Bioact Prod, Inst Marine Biochem, 18 Hoang Quoc Viet, Hanoi, Vietnam
Vietnam Acad Sci & Technol, Inst Phys, 18 Hoang Quoc Viet St, Hanoi, Vietnam
Vietnam Acad Sci & Technol, ICH, Inst Chem, 18 Hoang Quoc Viet, Hanoi, Vietnam
Vietnam Acad Sci & Technol, Inst Trop Technol, Microanal Dept, Hanoi, Vietnam
Vietnam Acad Sci & Technol, Inst Math, Hanoi 10307, Vietnam
Vietnam Acad Sci & Technol, Inst Marine Geol & Geophys, 18 Hoang Quoc Viet, Hanoi, Vietnam
Vietnam Acad Sci & Technol, Inst Oceanog, Dept Aquaculture Biotechnol, Nha Trang, Vietnam
VAST, Inst Math, 18 Hoang Quoc Viet, Cau Giay Hanoi, Vietnam
VAST, VNSC, Dept Astrophys, 18 Hoang Quoc Viet, Hanoi, Vietnam
VAST, Vietnam Natl Satellite Ctr, Dept Astrophys, 18 Hoang Quoc Viet, Hanoi 100000, Vietnam
VAST, Inst Marine Environm & Resources, Haiphong City, Vietnam
Vietnam Acad Sci & Technol, Inst Chem Technol, Dept Pharmaceut Chem Technol, 1 Mac Dinh Chi St,Dist 1, Ho Chi Minh City, Vietnam
ICTLab, VAST, Hanoi, Vietnam
Vietnam Acad Sci & Technol, Inst Appl Mat Sci, Dept Mat & Pharmaceut Chem, HCMC, Ho Chi Minh City 700000, Vietnam
Vietnam Acad Sci & Technol, Inst Genome Res, 18 Hoang Quoc Viet Rd, Hanoi, Vietnam
Vietnam Acad Sci & Technol, Nhatrang Inst Technol Res & Applicat, 02 Hung Vuong St, Nhatrang, Vietnam
VAST, Inst Phys, 10 Dao Tan St, Hanoi, Ba Dinh Region, Vietnam
Vietnam Acad Sci & Technol, Dept Bioact Prod, Hanoi 122100, Vietnam
USTH, 18 Hoang Quoc Viet, Hanoi, Vietnam
Mientrung Inst Sci Res, Quang Tri Ctr Sci & Technol, Quang Tri, Vietnam
Vietnam Acad Sci & Technol, Inst Math, Hanoi, Vietnam
Vietnam Acad Sci & Technol, Inst Appl Mat Sci, Ho Chi Minh City 70000, Vietnam
VAST, Hanoi 10307, Vietnam
Vietnam Acad Sci & Technol, Inst Marine Geol & Geophis, Hanoi, Vietnam
VAST, IMS, 18 Hoang Quoc Viet, Hanoi, Vietnam
Inst Trop Biol, Linh Trung Ward, Ho Chi Minh City, Vietnam
Vietnam Acad Sci & Technol, Inst Math, Int Master Class, 18 Hoang Quoc Viet Rd, Hanoi, Vietnam
Vietnam Acad Sci & Technol, Istitute Chem Technol, Ho Chi Minh City, Vietnam
Vietnam Acad Sci & Technol, Inst Ecol & Biol Resources, Dept Bot, Hanoi 10307, Vietnam
Vietnam Acad Sci & Technol, Inst Marine Biochem, 18 Hoang Quoc Viet Rd, Cau Giay Hanoi, Vietnam
Vietnam Acad Sci & Technol, Inst Nat Prod Chem, 18 Hoang Quoc Viet Rd, Hanoi, Vietnam
Vietnam Acad Sci & Technol, Inst Math, Dept Probabil & Stat, Hanoi, Vietnam
Vietnam Acad Sci & Technol, Grad Univ Sci & Technol, 18 Hoang Quoc Viet Str, Hanoi, Vietnam
Vietnam Acad Sci & Technol, Inst Mech, 264 Doi Can Str, Hanoi, Vietnam
VAST, Inst Nat Prod Chem, 18 Hoang Quoc Viet, Caugiay, Hanoi, Vietnam
VAST, Vietnam Natl Satellite Ctr, Dept Astrophys, 18 Hoang Quoc Viet, Hanoi, Vietnam
Vietnam Acad Sci & Technol, Inst Trop Biol, 85 Tran Quoc Toan, Ho Chi Minh City, Vietnam
VAST, IEBR, Dept Bot, 18 Hoang Quoc Viet Rd, Hanoi, Vietnam
Vietnam Acad Sci & Technol, Inst Chem Technol, 1 Mac Dinh Chi Str,Dist 1, Hcm City, Vietnam
Viet Nam Acad Sci & Technol, Energy Dept, Hanoi, Vietnam
Van Kiem, P, VAST, Insitute Marine Biochem, 18 Hoang Quoc Viet, Hanoi, Vietnam
Vietnam Acad Sci & Technol, Inst Phys, Ctr Theoret Phys, 18 Hoang Quoc Viet, Hanoi, Vietnam
Vietnam Acad Sci & Technol, Inst Ecol & Biol Resources, 18 Hoang Quoc Viet Str, Hanoi, Vietnam
Vietnam Acad Sci & Technol, Inst Geophys, Bldg A8,18 Hoang Quoc Viet, Hanoi, Vietnam
Vietnam Acad Sci & Technol, Vietnam Natl Museum Nat, 18 Hoang Quoc Viet Rd, Hanoi, Vietnam
VAST, Vietnam Natl Satellite Ctr, Dept Astrophys, 18 Hoang Quoc Viet, Hanoi 10000, Vietnam
Vietnamese Acad Sci & Technol, Inst Ecol & Biol Resources, Insect Ecol Dept, 18 Hoang Quoc Viet Rd, Hanoi, Vietnam
VAST, Inst Marine Biochem IMBC, Hanoi, Vietnam
Dept Biotechnol Pharmacol, 18 Hoang Quoc Viet Rd, Hanoi 1000, Vietnam
Vietnam Acad Sci & Technol, Dept Remote Sensing Applicat, Hanoi, Vietnam
Vietnamese Acad Sci & Technol, Inst Chem, 18 Hoang Quoc Viet Str, Hanoi, Vietnam
Univ Sci & Technol Hanoi, Dept Pharmacol Med & Agron Biotechnol, Hanoi 100000, Vietnam
Grad Univ Sci & Technol, Vietnam Acad Sci & Technol, 18 Hoang Quoc Viet, Hanoi, Vietnam
Inst Biotechnol, Hanoi, Vietnam
Vietnamese Acad Sci & Technol, Inst Chem, Hanoi, Vietnam
Vietnam Acad Sci & Technol, Dept Environm Enhancement Solut, Inst Environm Technol, Hanoi, Vietnam
Vietnamese Acad Sci & Technol, Inst Math, Hanoi, Vietnam
Vietnam Acad Sci & Technol, Inst Biotechnol, 18 Hoang Quoc Viet, Hanoi, Vietnam
Univ Sci & Technol Hanoi, Informat & Commun Technol Lab, Hanoi, Vietnam
Vietnam Acad Sci & Technol, Univ Sci & Technol Hanoi, 18 Hoang Quoc Viet, Hanoi, Vietnam
Vietnam Acad Sci & Technol, Inst Phys, 10 Dao Tan, Hanoi 118011, Vietnam
Vietnam Acad Sci & Technol, Dept Nematol, Inst Ecol & Biol Resources, 18 Hoang Quoc Viet Rd, Hanoi, Vietnam
IES, 18 Hoang Quoc Viet, Hanoi, Vietnam
VAST, Ctr High Technol Dev, 18 Hoang Quoc Viet, Hanoi, Vietnam
Inst Ecol & Biol Resources, Dept Vertebrate Zool, 18 Hoang Quoc Viet, Hanoi, Vietnam
Vietnam Acad Sci & Technol, Inst Biotechnol, Hanoi, Vietnam
Univ Sci & Technol Hanoi, Vietnam Acad Sci & Technol, Dept Pharmacol Med & Agron Biotechnol, Hanoi, Vietnam
VAST, Ho Chi Minh City Inst Phys, Ho Chi Minh City, Vietnam
VAST, Inst Marine Biochem IMBC, 18 Hoang Quoc Viet, Hanoi, Vietnam
Vietnam Acad Sci & Technol, Inst Appl Mat Sci, Ho Chi Minh City 700000, Vietnam
Vietnam Acad Sci & Technol, Inst Biotechnol, Mol Microbiol Lab, 18 Hoang Quoc Viet, Hanoi, Vietnam
Univ Sci & Technol Hanoi USTH, 18 Hoang Quoc Viet St, Hanoi, Vietnam
Vietnam Acad Sci & Technol, Inst Math, Dept Optimizat & Control Theory, 18 Hoang Quoc Viet Rd, Hanoi, Vietnam
USTH, Hanoi, Vietnam
Vietnam Acad Sci & Technol, Inst Math, 18 Hoang Quoc Viet Rd, Hanoi, Vietnam
Vietnam Acad Sci & Technol, Inst Informat Technol, 18 Hoang Quoc Viet, Hanoi, Vietnam
A, DQ, VAST, Ctr Informat & Comp, 18 Hoang Quoc Viet, Hanoi, Vietnam
Vietnam Acad Sci & Technol, Inst Environm Technol, 18 Hoang Quoc Viet St, Hanoi, Vietnam
Vietnam Acad Sci & Technol, Inst Ecol & Biol Resources, Dept Mol Systemat & Conservat Genet, Hanoi, Vietnam
Vietnam Acad Sci & Technol, Inst Nat Prod Chem, 18 Hoang Quoc Viet, Hanoi 122100, Vietnam
Vietnam Acad Sci & Technol, Inst Appl Mat Sci, 01 Mac Dinh Chi St,Dist 1, Ho Chi Minh City, Vietnam
Vietnam Acad Sci & Technol, Southern Inst Ecol, Ho Chi Minh City, Vietnam
VAST, Inst Marine Environm Resources, Hai Phong, Vietnam
VAST, Inst Oceanog, 01 Cau Da, Nha Trang, Khanh Hoa, Vietnam
Vietnam Acad Sci & Technol, Inst Appl Mat Sci, 01 TL29,Dist 12, Ho Chi Minh City 700000, Vietnam
Vietnam Acad Sci & Technol, Inst Trop Technol, Bldg A13,18 Hoang Quoc Viet,Postal Code 84, Hanoi, Vietnam
Vietnam Acad Sci & Technol, Dept Hydrobiol, Inst Environm Technol, Hanoi, Vietnam
Vietnam Acad Sci & Technol, Inst Appl Mat Sci, 1 Mac Dinh Chi, Ho Chi Minh City, Vietnam
VAST, IEBR, Dept Mol Systemat & Conservat Genet, Hanoi, Vietnam
VAST, Grad Univ Sci & Technol, Hanoi 100000, Vietnam
Vietnam Acad Sci & Technol, Inst Phys, Math & High Energy Phys Grp, 10 Dao Tan, Hanoi, Vietnam
Vietnam Acad Sci & Technol, Inst Mat Sci, 8 Hoang Quoc Viet Rd, Hanoi, Vietnam
VAST, Inst Marine Biochem, 18 Hoang Quoc Viet, Hanoi, Vietnam
Vietnam Acad Sci & Technol, IEBR, 18 Hoang Quoc Viet, Hanoi, Vietnam
Vietnam Acad Sci & Technol, Ctr Informat & Comp, Hanoi, Vietnam
Vietnam Acad Sci & Technol, Inst Appl Mech & Informat, Hcm City, Vietnam
Vietnamese Acad Sci & Technol, Inst Ecol & Biodivers, Hanoi, Vietnam
Vietnam Acad Sci & Technol, Inst Marine Geol & Geophys, A27,18 Hoang Quoc Viet, Hanoi, Vietnam
Vietnam Acad Sci & Technol, Ho Chi Minh City Inst Resources Geog, Ho Chi Minh City, Vietnam
VAST, Nha Trang Inst Oceanog, Nha Trang, Vietnam
Vietnam Acad Sci & Technol, Mientrung Inst Sci Res, Hue 8454, Vietnam
Vietnam Acad Sci & Technol, Inst Oceanog, 01 Cau Da, Nha Trang 650000, Vietnam
VAST, Inst Oceanog, Hanoi, Vietnam
Inst Ecol & Biol Resources, Cau Giay, Ha Noi, Vietnam
Vietnam Acad Sci & Technol, Inst Phys, Hanoi 10000, Vietnam
Vietnam Acad Sci & Technol, Southern Inst Ecol, 1 Mac Dinh Chi St, Ho Chi Minh City 700000, Vietnam
Vietnam Acad Sci & Technol, Southern Inst Ecol, Hcmc 70000, Vietnam
Vietnam Acad Sci & Technol VAST, Inst Marine Biochem, 18 Hoang Quoc Viet, Hanoi 122102, Vietnam
Vietnam Acad Sci & Technol, Inst Geophys, Hanoi, Vietnam
VAST, Grad Univ Sci & Technol, Hanoi, Vietnam
VAST, Inst Trop Biol, Anim Biotechnol Dept, Ho Chi Minh 700000, Vietnam
IBT VAST, Prot Biochem Lab, Hanoi, Vietnam
Vietnam Acad Sci & Technol, Grad Univ Sci & Technol, C Gi, N i, Vietnam
VAST, Inst Mat Sci, 18 Hoang Quoc Viet Rd, Hanoi, Vietnam
VAST, IET, 18 Hoang Quoc Viet St, Hanoi, Vietnam
Grad Univ Sci & Technol VAST, 18 Hoang Quoc Viet, Hanoi, Vietnam
Vietnam Acad Sci & Technol, Inst Ecol & Biol Resources, 18 Hoang Quoc Viet, Cau Giay, Ha Noi, Vietnam
Vietnam Acad Sci & Technol, Grad Univ Sci & Technol, 18-Hoang Quoc Viet, Hanoi, Vietnam
VAST, ACP, 18 Hoang Quoc Viet, Hanoi, Vietnam
Vietnam Acad Sci & Technol VAST, Inst Marine Biochem, 18 Hoang Quoc Viet, Hanoi, Vietnam
Vietnam Acad Sci & Technol, Inst Appl Mat Sci, Dept Pharmaceut Biochem, Ho Chi Minh City, Vietnam
Vietnamese Acad Sci & Technol, Inst Trop Biol, Natl Key Lab, Ho Chi Minh, Vietnam
Vietnam Acad Sci & Technol, Inst Nat Prod Chem, 1H,18 Hoang Quoc Viet, Hanoi, Vietnam
Inst Math, VAST, 18 Hoang Quoc Viet, Hanoi, Vietnam
Vietnam Acad Sci & Technol, Inst Phys, 10 Daotan, Hanoi, Vietnam
Vietnam Acad Sci & Technol, IET, Hanoi, Vietnam
Vietnam Acad Sci & Technol, IEBR, Hanoi, Vietnam
Vietnam Acad Sci & Technol, Univ Sci & Technol Hanoi, Dept Adv Mat Sci & Nanotechnol, 18 Hoang Quoc Viet, Hanoi, Vietnam
Vietnam Acad Sci & Technol, Inst Trop Technol, 18 Hoang Quoc Viet, Hanoi 122000, Vietnam
VAST, IET, Hanoi, Vietnam
Univ Sci & Technol Hanoi, Dept Biotechnol Pharmacol, Hanoi, Vietnam
VAST, 18 Hoang Quoc Viet St, Hanoi, Vietnam
VAST, Inst Mat Sci, 18 Hoang Quoc Viet, Hanoi, Vietnam
Vietnam Acad Sci & Technol, Inst Chem Technol, Mac Dinh Chi St,Dist 1, Ho Chi Minh City, Vietnam
VAST, Inst Marine Geol & Geophys, 18 Hoang Quoc Viet, Hanoi 100000, Vietnam
VAST, Inst Phys, 10 Daotan, Hanoi, Vietnam
Vietnam Acad Sci & Technol VAST, Inst Marine Biochem, 18 Hoang Quoc Viet Rd, Hanoi, Vietnam
Vietnam Acad Sci & Technol, Inst Environm Technol, Danang Environm Technol Ctr, Tran Dai Nghia Rd, Ngu Hanh Son Dist 550000, Da Nang, Vietnam
Vietnam Acad Sci & Technol, Inst Chem, Hanoi, Vietnam
VAST, IGS, 18 Hoang Quoc Viet, Hanoi, Vietnam
Vietnam Acad Sci & Technol, Inst Informat Technol, Hanoi, Vietnam
VAST, Inst Marine Biochem IMBC, 18-Hoang Quoc Viet, Hanoi, Vietnam
Vietnam Acad Sci & Technol VAST, Inst Marine Biochem, Adv Ctr Bioorgan Chem, Hanoi 844, Vietnam
Vietnam Acad Sci & Technol, Inst Ecol & Biol Resources, 18 Hoangquocviet, Hanoi, Vietnam
Vietnam Acad Sci & Technol, Inst Chem Technol, 01 Mac Dinh Chi,Dist 1, Ho Chi Minh, Vietnam
18 Hoang Quoc Viet Rd, Hanoi, Vietnam
VAST, Inst Oceanog, Cauda 01, Vinh Nguyen, Nha Trang, Vietnam
Grad Univ Sci & Technol, Vietnam Acad Sci & Technol, 18 Hoang Quoc Viet, Hanoi 122121, Vietnam
IES VAST, Hanoi, Vietnam
Vietnam Acad Sci & Technol, HoChiMinh City Inst Resources Geog, 1 Mac Dinh Chi,Dist 1, Ho Chi Minh City, Vietnam
Inst Math, VAST 18 Hoang Quoc Viet Rd, Hanoi 10307, Vietnam
USTH, ICTLab, Hanoi, Vietnam
VAST, Vietnam Natl Museum Nat, Hanoi, Vietnam
Vietnam Acad Sci & Technol, Inst Biotechnol, Hanoi 10600, Vietnam
Inst Mat Sci Agh, 18 Hoang Quoc Viet, Cau Giay Dist, Ha Noi, Vietnam
VAST, Inst Oceanog, 01 Cau Da, Nha Trang, Vietnam
Vietnam Acad Sci & Technol, Ctr High Technol Dev, Ho Chi Minh City, Vietnam
Vietnamese Acad Sci & Technol, Inst Ecol & Biol Resources, Hanoi 1000, Vietnam
Vietnam Acad Sci & Technol, Inst Marine Geol & Geophys, Hanoi, Vietnam
Vietnam Acad Sci & Technol, Inst Marine Biochem, Ctr Drug Res & Dev, 18 Hoang Quoc Viet, Hanoi, Vietnam
Vietnam Acad Sci & Technol, Inst Mat Sci, 18 Hoang Quoc Viet Rd, Hanoi, Vietnam
VAST, Inst Biotechnol, 18 Hoang Quoc Viet Rd, Hanoi, Vietnam
Vietnam Acad Sci & Technol, STI, 18 Hoang Quoc Viet, Hanoi, Vietnam
Vietnam Acad Sci & Technol, Inst Trop Technol, 18 Hoang Quoc Viet St, Hanoi, Vietnam
Vietnam Acad Sci & Technol, Inst Biotechnol, Dept Anim Cell Technol, 18 Hoang Quoc Viet Rd, Hanoi, Vietnam
Vietnam Acad Sci & Technol VAST, Inst Mat Sci, Energy Mat & Devices Lab, 18 Hoang Quoc Viet Rd, Hanoi, Vietnam
Inst Ecol & Biol Resources, Dept Zool, Hanoi, Vietnam
Vietnam Acad Sci & Technol, 18 Hoang Quoc Viet Cau Giay, Hanoi, Vietnam
Hanoi Inst Math, 18 Hoang Quoc Viet Rd, Hanoi 10307, Vietnam
VAST, Inst Math, 18 Hoang Quoc Viet Rd, Hanoi, Vietnam
Grad Univ Sci & Technol, Vietnam Acad Sci & Technol, Inst Chem, 18 Hoang Quoc Viet, Hanoi, Vietnam
Vietnam Acad Sci & Technol, Inst Trop Biol, Genet Engn Dept, 9-621 Ha Noi Highway, Ho Chi Minh City, Vietnam
Vietnam Acad Sci & Technol, Inst Math Hanoi, 18 Hoang Quoc Viet, Hanoi 10307, Vietnam
Vietnam Acad Sci & Technol, Inst Phys, Ctr Computat Phys, Hanoi, Vietnam
Vietnam Acad Sci & Technol, Inst Math, 18 Hoang Quoc Viet, Hanoi, Vietnam
Vietnam Acad Sci & Technol, Inst Trop Biol, VNM Herbarium, 85 Tran Quoc Toan St,Dist 3, Ho Chi Minh City, Vietnam
Vietnam Acad Sci & Technol, Inst Informat Technol, 18 Hoang Quoc Viet St, Hanoi, Vietnam
VAST, IMBC, Advanced Ctr Bioorgan Chem, 18-Hoang Quoc Viet, Hanoi, Vietnam
Vietnam Acad Sci & Technol, Grad Univ Sci & Technol, 18 Hoang Quoc Viet, Hanoi, Vietnam
Vietnam Acad Sci & Technol, Inst Chem Technol, 01 Mac Dinh Chi St,Dist 1, Ho Chi Minh City 70000, Vietnam
Vietnam Acad Sci & Technol VAST, Inst Mat Sci, 18 Hoang Quoc Viet St, Hanoi, Vietnam
Vietnam Acad Sci & Technol, Inst Mat Sci, 18 Hoang Quoc Viet, Cau Giay, Ha Noi, Vietnam
Vietnam Acad Sci & Technol, Tay Nguyen Inst Sci Res, 116 Xo Viet Nghe Tinh St, Da Lat City, Lam Dong, Vietnam
Inst Mat Sci Agh, Hanoi, Vietnam
Vietnam Acad Sci & Technol, Inst Mat Sci, Hanoi 100000, Vietnam
Vietnam Acad Sci & Technol, Inst Trop Biol, Dept Ecol, 85 Tran Quoc Toan,Dist 3, Ho Chi Minh City, Vietnam
Vietnam Acad Sci & Technol, Inst Genome Res, 18 Hoang Quoc, Hanoi, Vietnam
Vietnamese Acad Sci & Technol, Inst Biotechnol, 18 Hoang Quoc Viet, Hanoi, Vietnam
Vietnam Acad Sci & Technol, Inst Phys, 10 Dao Tan St, Hanoi, Vietnam
Vietnam Acad Sci & Technol, Nhatrang Inst Technol Res & Applicat, 02 Hungvuong St, Nhatrang City, Vietnam
Vietnam Acad Sci & Technol, Inst Math, 18 Hoang Quoc Viet St, Hanoi 10307, Vietnam
Vietnam Acad Sci & Technol, Inst Math, Dept Probabil & Math Stat, Hanoi, Vietnam
Vietnam Acad Sci & Technol, Inst Phys, Hanoi 100000, Vietnam
VAST, Inst Marine Geol & Geophys, Hanoi, Vietnam
Vietnam Acad Sci & Technol VAST, Inst Biotechnol, 18 Hoang Quoc Viet,Cau Giay, Hanoi 100000, Vietnam
VNSC VAST, Dept Astrophys, 18 Hoang Quoc Wet, Hanoi, Vietnam
Inst Math, 80 Hoang Quoc Viet St, Hanoi, Vietnam
VAST, IEBR, 18-Hoang Quoc Viet, Hanoi, Vietnam
ITT Viet Nam Acad Sci & Technol, Inst Trop Technol, A13 Bldg,18 Hoang Quoc Viet Rd, Hanoi, Vietnam
Vietnam Acad Sci & Technol, Grad Univ Sci & Technol, Hanoi, Vietnam
Vietnam Acad Sci & Technol, Inst Ecol & Biol Resources, Dept Nematol, Hanoi, Vietnam
Vietnam Acad Sci & Technol, Ctr High Technol Dev, Lab Dev Adv Mat Technol, 2B Bldg,18 Hoang Quoc Viet Rd, Hanoi 122102, Vietnam
Vietnam Acad Sci & Technol, Inst Geol, Dept Geotech, 84 Chua Lang, Hanoi, Vietnam
VAST, Nhatrang Inst Technol Res & Applicat, Nha Trang, Vietnam
Vietnam Acad Sci & Technol, INPC, 1H,18 Hoang Quoc Viet, Hanoi, Vietnam
Vietnam Acad Sci & Technol, Inst Appl Phys & Sci Instrument, 18 Hoang Quoc Viet Rd, Hanoi, Vietnam
VAST, Inst Mech, 264 Doi Can, Hanoi, Vietnam
Vietnam Acad Sci & Technol, Inst Trop Biol, VNM Herbarium, 85 Tran Quoc Toan St, Ho Chi Minh City, Vietnam
Vietnam Acad Sci & Technol, Southern Inst Ecol, 1 Mac Dinh Chi St,Dist 1, Ho Chi Minh City, Vietnam
Vietnam Acad Sci & Technol, Nhatrang Inst Technol Res & Applicat, Hanoi, Vietnam
Vietnamese Acad Sci & Technol, Inst Mat Sci, Hanoi, Vietnam
Vietnam Acad Sci & Technol, Inst Trop Technol, Hanoi, Hoang Quoc Viet, Vietnam
Vietnam Acad Sci & Technol, Inst Informat Technol, Dept Telemat, Hanoi, Vietnam
Vietnam Acad Sci & Technol, Dept Applicat & Dev Technol, 18 Hoang Quoc Viet, Hanoi, Vietnam
Vietnam Acad Sci & Technol VAST, Inst Marine Biochem, 18 Hoang Quoc Vie rd,Cau Giay, Hanoi, Vietnam
Vietnam Acad Sci & Technol, Inst Mat Sci, R 125,Bld A2,18 Hoang Quoc Viet Rd, Hanoi, Vietnam
Acad Sci & Technol, Ho Chi Minh City Inst Phys, Dept Novel & Nanostruct Mat, 01 Mac Dinh Chi St,Dist 01, Ho Chi Minh City, Vietnam
Vietnam Acad Sci & Technol, Inst Biotechnol, Dept Anim Cell Technol, 18 Hoang Quoc Viet, Hanoi, Vietnam
Vietnam Acad Sci & Technol, Inst Marine Biochem IMBC, Adv Ctr Bioorgan Chem, 18 Hoang Quoc Viet, Hanoi, Vietnam
Vietnam Acad Sci & Technol, Inst Trop Biol, Dept Biol Resources, 85 Tran Quoc Toan Rd,Dist 3, Ho Chi Minh City, Vietnam
VAST, Nha Trang Inst Technol Res & Applicat, Dept Organ Mat Sea Resource, 2 Hung Vuong St, Nha Trang City, Vietnam
Vietnam Acad Sci & Technol, Inst Trop Biol, 85 Tran Quoc Toan St,Dis 3, Ho Chi Minh 700000, Vietnam
Vietnam Acad Sci & Technol, Inst Trop Biol, 85 Tran Quoc Toan St,3th Dist, Ho Chi Minh City, Vietnam
Vietnam Acad Sci & Technol, Inst Trop Technol, 18 Hoang Quoc Viet, Hanoi 100000, Vietnam
Inst Trop Biol, Dept Biol Resources, 85 Tran Quoc Toan St,Distr 3, Hochiminh City, Vietnam
VAST, Inst Math, Dept Probabil & Stat, Hanoi, Vietnam
Vietnam Acad Sci & Technol, Inst Environm Technol, Danang Environm Technol Ctr, Tran Dai Nghia Rd, Ngu Hanh Son Dist 550000, Danang, Vietnam
Vietnam Acad Sci & Technol, Inst Ecol & Biol Resource, 18 Hoang Quoc Viet, Hanoi 100000, Vietnam
Vietnam Acad Sci & Technol, Geophys Inst, 18 Hoang Quoc Vietnam, Hanoi, Vietnam
VAST, Dept Applicat & Dev Technol, Hanoi, Vietnam
Vietnam Acad Sci & Technol, Dept Plant Resource, Inst Ecol & Biol Resources, Hanoi, Vietnam
Vietnam Acad Sci & Technol, Ctr Computat Phys, Inst Phys, 10 Dao Tan St, Hanoi, Vietnam
Vietnam Acad Sci & Technol VAST, Inst Genome Res, 18 Hoang Quoc Viet, Hanoi, Vietnam
Vietnam Acad Sci & Technol, Grad Univ Sci & Technol, Cau Giay, Ha Noi, Vietnam
Vietnam Acad Sci & Technol, Inst Environm Technol, Danang Environm Technol Ctr, Da Nang City, Vietnam
Vietnam Acad Sci & Technol, Grad Univ Sci & Technol, 01 Mac Dinh Chi,Dist 1, Ho Chi Minh, Vietnam
Vietnam Acad Sci & Technol, Inst Ecol & Biol Resources, Hanoi, Vietnam
Vietnam Acad Sci & Technol, Inst Appl Mat Sci, 01 TL29,Dist 12, Ho Chi Minh City, Vietnam
Inst Biotechnol IBT VAST, Genet Engn Lab, 18 Hoang Quoc Viet, Hanoi, Vietnam
Vietnam Acad Sci & Technol, Inst Mech, Dept Solid Mech, 18 Hoang Quoc Viet, Hanoi, Vietnam
VAST, IMER, 246 Da Nang St, Hai Phong City, Vietnam
Vietnamese Acad Sci & Technol, Inst Environm Technol, Hanoi, Vietnam
Vietnam Acad Sci & Technol, IMS, 18 Hoang Quoc Viet Rd, Hanoi, Vietnam
GUST, VAST, 18 Hoang Quoc Viet, Hanoi, Vietnam
Vietnam Acad Sci & Technol, Nha Trang Inst Technol Res & Applicat, Hanoi, Vietnam
Vietnamese Acad Sci & Technol, IEBR, Dept Parasitol, Hanoi, Vietnam
Vietnam Acad Sci & Technol, Inst Environm Technol, Ho Chi Minh City, Vietnam
Vietnam Acad Sci & Technol, Inst Phys, Ctr Quantum Elect, POB 429, Hanoi 10000, Vietnam
Vietnamese Acad Sci & Technol, Inst Phys, 18 Hoang Quoc Viet, Hanoi, Vietnam
Vietnam Acad Sci & Technol, Inst Environm Technol, Hanoi, Vietnam
Vietnam Acad Sci & Technol, Inst Environm Technol, Danang Environm Technol Ctr, Tran Dai Nghia Rd, Da Nang, Vietnam
Vietnam Acad Sci & Technol, Inst Ecol & Biol Resources, Hanoi 1000, Vietnam
VAST, Inst Math, 18 Hoang Quoc Viet Rd, Hanoi 10307, Vietnam
Vietnam Acad Sci & Technol, Inst Biotechnol, Hanoi 10000, Vietnam
Univ Sci & Technol Hanoi, Hanoi, Vietnam
Vietnam Acad Sci & Technol, Dept Planning & Finance, 18 Hoang Quoc Viet, Hanoi, Vietnam
VAST, Inst Chem, 18 Hoang Quoc Viet St, Hanoi, Vietnam
Vietnam Acad Sci & Technol, Inst Mat Sci, 18 Hoang, Hanoi, Vietnam
VAST, Tay Nguyen Inst Sci Res, Da Lat, Vietnam
Vietnam Acad Sci & Technol, Dept Mat & Pharmaceut Chem, Hcmc 70000, Vietnam
Vietnam Acad Sci & Technol, Inst Ecol & Biol Resources, Dept Nematol, 18 Hoang Quoc Viet, Hanoi, Vietnam
VAST, Inst Ecol & Biol Resource, 18 Hoang Quoc Viet, Hanoi, Vietnam
VietNam Acad Sci & Technol, Inst Chem, 18 Hoang Quoc Viet, Nghia Do, Cau Giay, Vietnam
Vietnam Acad Sci & Technol, Inst Ecol & Biol Resources, Insect Ecol Dept, Hanoi, Vietnam
Vietnam Acad Sci & Technol, Dept Marine Bot, Inst Oceanog, 01 Cau Da, Nha Trang City, Vietnam
Vietnamese Acad Sci & Technol, Inst Marine Geol & Geophys, Hanoi, Vietnam
Vietnam Acad Sci & Technol, Inst Trop Biol, Natl Herbarium Vietnam, 85 Tran Quoc Toan Str,Dist 3, Ho Chi Minh City, Vietnam
Vietnam Acad Sci & Technol, Inst Ecol & Biol Resources, Dept Parasitol, 18 Hoang Quoc Viet, Hanoi, Vietnam
Vietnam Acad Sci & Technol, Hanoi, Vietnam
Univ Sci & Technol Hanoi, Dept Pharmacol Med & Agron Biotechnol, Hanoi 1000, Vietnam
Vietnam Acad Sci & Technol, Ho Chi Minh City Inst Phys, Mac Dinh Chi Str 1, Ho Chi Minh City, Vietnam
VAST, IES, Hanoi, Vietnam
Acad Sci & Technol, Ho Chi Minh City Inst Phys, Dept Novel & Nanostruct Mat, Ho Chi Minh City, Vietnam
Grad Univ Sci & Technol, Vietnam Acad Sci & Technol, 18 Hoang Quoc Viet St, Hanoi, Vietnam
VAST, Inst Trop Technol, Lab Protect Coatings, 18 Hoang Quoc Viet, Hanoi, Vietnam
Vietnam Acad Sci & Technol, Inst Ecol & Biol Resources, Dept Vertebrate Zool, Hanoi, Vietnam
VAST, IMER, 246 Da Nang, Haiphong, Vietnam
Vietnam Acad Sci & Technol, Vietnam Natl Museum Nat, Hanoi 10000, Vietnam
Vietnam Acad Sci & Technol, Inst Appl Mat Sci, Dept Mat & Pharmaceut Chem, 01 Mac Dinh Chi St,Dist 1, Hochiminh City, Vietnam
VAST, IMBC, Dept Bioact Prod, 18 Hoang Quoc Viet, Hanoi, Vietnam
Vietnam Acad Sci & Technol, 18 Hoang Quoc Viet Rd, Hanoi, Vietnam
Vietnamese Acad Sci, Inst Chem, 18 Hoang Quoc Viet St, Hanoi, Vietnam
Vietnam Acad Sci & Technol, Inst Marine Biochem, 18 Hoang Quoc Viet, Hanoi, Vietnam
Vietnam Acad Sci & Technol, Grad Univ Sci & Technol, Fac Mat Sci & Energy, 18 Hoang Quoc Viet, Hanoi, Vietnam
Vietnam Acad Sci & Technol VAST, Inst Ecol & Biol Resources, 18-Hoang Quoc Viet, Hanoi, Vietnam
Vietnam Acad Sci & Technol, Inst Mat Sci, Ho Chi Minh City, Vietnam
Vietnam Acad Sci & Technol, Dept Acad Mat Sci & Nanotechnol, 18 Hoang Quoc Viet, Cau Giay, Hanoi VN-122102, Vietnam
Vietnam Acad Sci & Technol, Inst Environm Technol, 18 Hoangquocviet Rd, Hanoi, Vietnam
VAST, Inst Trop Biol, VNM Herbarium, 85 Tran Quoc Toan St,Dist 3, Ho Chi Minh City, Vietnam
Univ Sci & Technol Hanoi, 18 Hoang Quoc Viet, Hanoi 10000, Vietnam
VAST, Southern Inst Ecol, 01 Mac Dinh Chi,Dist 1, Ho Chi Minh City, Vietnam
VAST, Hanoi, Vietnam
VAST, Inst Nat Prod Chem, 18 Hoang Quoc Viet, Hanoi, Vietnam
Vietnamese Acad Sci & Technol, Inst Ecol & Biol Resources, Dept Nematol, 18 Hoang Quoc Vien Roand, Hanoi, Vietnam
VAST, Grad Univ Sci & Technol, 18 Hoang Quoc Viet, Hanoi, Vietnam
Viet Nam Acad Sci & Technol, Inst Ecol & Biol Resources, 18 Hoang Quoc Viet, Hanoi, Vietnam
Vietnam Acad Sci & Technol, Inst Mech, Hanoi, Vietnam
Vietnam Acad Sci & Technol, Ho Chi Minh City Inst Phys, Dept Novel & Nanostruct Mat, 01 Mac Dinh Chi St,Dist 01, Ho Chi Minh City, Vietnam
VAST, Hanoi Inst Math, 18 Hoang Quoc Viet Rd, Hanoi, Vietnam
Vietnam Acad Sci & Technol, Geol Inst, Hanoi, Vietnam
Vietnam Acad Sci & Technol, Inst Mat Sci, A2 Bldg,18 Hoang Quoc Viet Rd, Hanoi, Vietnam
Vietnam Acad Sci & Technol, Inst Mat Sci, 18 Hoang Quoc Viet Str, Hanoi, Vietnam
Vietnam Acad Sci & Technol VAST, Nha Trang Inst Technol & Applicat NITRA, 2 Hung Vuong St, Nha Trang City, Vietnam
Vietnam Acad Sci & Technol, Space Technol Inst, 18 Hoang Quoc Viet Str, Hanoi 100000, Vietnam
Vietnam Acad Sci & Techol, Inst Mat Sci, 18 Hoang Quoc Viet Rd, Hanoi, Vietnam
Vietnam Acad Sci & Technol, Inst Biotechnol, Lab Anim Cell Technol, Hanoi, Vietnam
Vietnam Acad Sci & Technol, Tay Nguyen Inst Sci Res, 116 Xo Viet Nghe Tinh St, Da Lat, Lam Dong, Vietnam
Vietnam Acad Sci & Technol, Inst Geog, 18 Hoang Quoc Viet Rd, Hanoi 100000, Vietnam
Vietnam Acad Sci & Technol, Inst Trop Biol, 85 Tran Quoc Toan Str,Dist 3, Ho Chi Minh City, Vietnam
VAST, Inst Trop Biol, Ho Chi Minh City, Vietnam
VAST, Inst Mech IMECH, 264 Doi Can, Hanoi, Vietnam
VAST, IGR, 18 Hoang Quoc Viet, Hanoi, Vietnam
Vietnam Acad Sci & Technol, Inst Environm Technol, 18 Hoang Quoc Viet, Hanoi, Vietnam
Inst Biotechnol, Dept Prot Biochem, 18 Hoang Quoc Viet, Hanoi, Vietnam
Vietnam Acad Sci & Technol, Vietnam Natl Museum Nat, Ho Chi Minh City, Vietnam
Vietnam Acad Sci & Technol VAST, Inst Chem, 18 Hoang Quoc Viet,Cau Giay, Hanoi 100000, Vietnam
VAST, Inst Marine Biochem IMBC, Dept Bioact Prod, 18-Hoang Quoc Viet, Hanoi, Vietnam
Hanoi Inst Math, 18 Hoang Quoc Viet Rd, Hanoi, Vietnam
Vietnam Acad Sci & Technol, Inst Chem Technol, Phys Chem & Anal Lab, 01 Mac Dinh Chi St,Dist 1, Ho Chi Minh City, Vietnam
VAST, IEBR, Dept Parasitol, Hanoi, Vietnam
Vietnam Acad Sci & Technol, Inst Trop Biol, Natl Herbarium Vietnam VNM, 85 Tran Quoc Toan Str,Dist 3, Ho Chi Minh City, Vietnam
Inst Math, 18 Hoang Quoc Viet Rd, Hanoi 10307, Vietnam
Inst Appl Phys & Sci Instrument, 18 Hoang Quoc Viet, Hanoi, Vietnam
Vietnam Natl Satellite Ctr, Dept Astrophys, VAST, 18 Hoang Quoc Viet, Hanoi, Vietnam
Vietnam Acad Sci & Technol, Inst Geog, Hanoi, Vietnam
Vietnam Acad Sci & Technol, IEBR, Insect Ecol Dept, 18 Hoang Quoc Viet Rd, Hanoi, Vietnam
Vietnam Acad Sci & Technol VAST, Inst Nat Prod Chem, Dept Bioact Prod, 18 Hoang Quoc Viet, Hanoi, Vietnam
Vietnamese Acad Sci & Technol, Nhatrang Inst Technol Res & Applicat, Nhatrang, Vietnam
Vietnam Acad Sci & Technol, Inst Mat Sci, 18 Hoang Quoc Viet, Ha Noi City, Vietnam
Grad Univ Sci & Technol, Vietnam Acad Sci & Technol, Hanoi 10000, Vietnam
Vietnam Acad Sci & Technol, Inst Chem Technol, 01 Mac Dinh Chi,Dist 1, Ho Chi Minh City, Vietnam
Vietnam Acad Sci & Technol, Inst Geog, 18 Hoang Quoc Viet Rd, Hanoi, Vietnam
Viet Nam Acad Sci & Technol, Inst Phys, 10 Dao Tan, Hanoi 100000, Vietnam
Univ Montpellier, Hanoi Campus,18 Hoang Quoc Viet, Hanoi, Vietnam
Vietnam Acad Sci & Technol, Inst Chem Technol, Ho Chi Minh City, Vietnam
Vietnam Acad Sci & Technol, Dept Bot, Vietnam Natl Museum Nat, Hanoi, Vietnam
Vietnam Acad Sci & Technol, Inst Appl Mech & Informat, 01 Mac Dinh Chi,Q1, Hcm City, Vietnam
Vietnam Acad Sci & Technol, Inst Phys, 10 Dao Tan, Hanoi, Vietnam
VAST, Inst Marine Environm & Resources IMER, Haiphong, Vietnam
VAST, NhaTrang Inst Technol & Res Applicat, Nhatrang, Vietnam
Vietnam Acad Sci & Technol, Inst Appl Mat Sci, Hcmc 700000, Vietnam
Vietnam Acad Sci & Technol, Inst Chem Technol, Phys Chem & Anal Lab, Ho Chi Minh City, Vietnam
Vietnam Acad Sci & Technol, Dept Energy, CleanED Lab, Hanoi, Vietnam
Vietnam Acad Sci & Technol, IET, A30,18 Hoang Quoc Viet, Hanoi, Vietnam
VAST Inst Mech, 264 Doi Can, Hanoi, Vietnam
Vietnam Natl Museum Nat, 18 Hoang Quoc Viet, Hanoi, Vietnam
VAST, Inst Informat Technol, 18 Hoang Quoc Viet, Hanoi, Vietnam
Viet Nam Acad Sci & Technol, Inst Phys, Hanoi, Vietnam
Inst Marine Geophys & Geol, 18 Hoang Quoc Viet, Hanoi, Vietnam
Inst Marine Geophys & Geol, Hanoi, Vietnam
Vietnam Acad Sci & Technol, Inst Chem, 18 HoangQuocViet, Hanoi, Vietnam
VAST, IMS, 18 Hoang Quoc Viet Rd, Hanoi, Vietnam
Vietnam Acad Sci & Technol, Inst Ecol & Biol Resources, 18 Hoang Quoc Viet, Hanoi, Vietnam
VAST, Inst Marine Environm & Resources, 246 Danang St, Haiphong City 180000, Vietnam
Nha Trang Inst Technol Res & Applicat, 02 Hungvuong, Nha Trang, Vietnam
Vietnamese Acad Sci & Technol, Inst Marine Biochem, 18 Hoang Quoc Viet Rd, Hanoi 90184, Vietnam
Vietnam Acad Sci & Technol, Inst Phys, 10 Dao Tan,Ba Dinh, Hanoi, Vietnam
Vietnam Acad Sci & Technol, Inst Geog, 18 Hoang Quoc Viet Str, Hanoi 100000, Vietnam
Univ Sci & Technol Hanoi, Dept Space & Aeronaut, Hanoi, Vietnam
Inst Mat Sci Agh, Hanoi 844, Vietnam
Vietnam Acad Sci & Technol, Inst Trop Technol, 18 Hoang Quoc Viet, Hanoi, Vietnam
Inst Mech, VAST, 264 Doi Can, Hanoi, Vietnam
VAST, Grad Univ Sci & Technol, Hanoi 122100, Vietnam
Vietnam Acad Sci & Technol, Inst Ecol & Biol Resources, 18 Hoangquocviet Rd, Hanoi, Vietnam
Inst Math, Hanoi, Vietnam
Vietnam Acad Sci & Technol, Southern Inst Ecol, 1 Mac Dinh Chi,Dist 1, Ho Chi Minh City, Vietnam
Vietnam Acad Sci & Technol, Space Technol Inst, 18 Hoang Quoc Viet St, Hanoi, Vietnam
Space & Aeronaut Dept, 18 Hoang Quoc Viet, Hanoi 10000, Vietnam
Vietnam Acad Sci & Technol, Inst Appl Mat Sci, Ho Chi Minh City 700000, Japan
Inst Math Hanoi VAST, Hanoi 10307, Vietnam
Vietnam Acad Sci & Technol, Inst Nat Prod Chem, 18-Hoang Quoc Viet, Hanoi, Vietnam
Vietnam Acad Sci & Technol, Dept Immunol, Inst Biotechnol, 18 Hoang Quoc Viet Rd, Hanoi, Vietnam
Vietnam Acad Sci & Technol, Inst Trop Biol, 85 Tran Quoc Toan St,Dist 3, Ho Chi Minh City, Vietnam
Postgrad Univ Sci & Technol, Vietnam Acad Sci & Technol, 18 Hoang Quoc Viet, Hanoi, Vietnam
Vietnam Acad Sci & Technol, Inst Math, 18 Hoang Quoc Viet Rd, Hanoi 10307, Vietnam
Vietnam Acad Sci & Technol, Inst Trop Technol, Hoang Quoc Viet Str 18, Hanoi, Vietnam
Vietnam Acad Sci & Technol, Hanoi 10307, Vietnam
VAST, Inst Marine Biochem, Hanoi, Vietnam
VAST, Inst Phys, Ctr Theoret Phys, 18 Hoang Quoc Viet, Hanoi, Vietnam
Inst Oceanog, Cau Da 01, Nha Trang, Vietnam
Vietnam Acad Sci & Technol, Grad Univ Sci & Technol, Educ & Serv Bldg,18 Hoang Quoc Viet, Hanoi, Vietnam
Vietam Acad Sci & Technol, Inst Math, Hanoi, Vietnam
Vietnam Acad Sci & Technol, Nha Trang Inst Technol Res & Applicat, 02 Hungvuong, Nha Trang, Vietnam
Vietnam Acad Sci & Technol, Inst Mech, Dept Marine Mech & Environm, 264 Doi Can, Hanoi, Vietnam
Vietnam Acad Sci & Technol, HoChiMinh City Inst Resources Geog, 01 Mac Dinh Chi, Ho Chi Minh City 700000, Vietnam
Vietnam France Univ, Dept Water Environm Oceanog, Univ Sci & Technol Hanoi, VAST Campus,18 Hoang Quoc Viet, Cau Giay, Ha Noi, Vietnam
Vietnam Acad Sci & Technol, Ctr Training Consultancy & Technol Transfer, Ha Noi City, Vietnam
Vietnamese Acad Sci & Technol, Inst Geog, Hanoi, Vietnam
Grad Univ Sci & Technol, Vietnam Acad Sci & Technol, 18 Hoang Quoc Viet Str, Hanoi, Vietnam
VAST, Inst Marine Biochem, Adv Ctr Bioorgan Chem, 18 Hoang Quoc Viet, Hanoi 100000, Vietnam
VAST, Inst Mat Sci, Energy Mat & Devices Lab, 18 Hoang Quoc Viet Rd, Hanoi, Vietnam
Vietnam Acad Sci & Technol, Inst Mech, 18 Hoang Quoc Viet, Hanoi, Vietnam
Vietnam Acad Sci & Technol, Tay Nguyen Inst Sci Res, Da Lat, Vietnam
Vietnam Acad Sci & Technol, Inst Appl Phys & Sci Instruments, 18 Hoang Quoc Viet Rd, Hanoi, Vietnam
Vietnam Acad Sci & Technol, Vietnam Natl Museum Nat, Dept Bot, Hanoi, Vietnam
Inst Trop Biol, Dept Biol Resources, 85 Tran Quoc Toan St,Distr 3, Ho Chi Minh, Vietnam
Univ Sci & Technol Hanoi, Dept Pharmacol Med & Agron Biotechnol, Hanoi, Vietnam
VAST, Inst Nat Prod Chem, Hanoi 122100, Vietnam
Vietnam Acad Sci & Technol VAST, Inst Mat Sci, 18 Hoang Quoc Viet, Hanoi, Vietnam
Vietnam Acad Sci, 18 Hoang Quoc Viet, Hanoi, Vietnam
VAST, Inst Phys, Ctr Theoret Phys, 18 Hoang Quoc Viet, Hanoi 10000, Vietnam
Vietnam Acad Sci & Technol, Nha Trang Inst Technol Res & Applicat, Nha Trang City, Khanh Hoa Provi, Vietnam
Vietnam Acad Sci & Technol, Ctr Training Consultancy & Technol Transfer, 18 Hoang Quoc Viet Rd, Hanoi, Vietnam
Vietnam Acad Sci & Technol, Inst Mech, 264 Doi Can, Hanoi, Vietnam
Vietnamese Acad Sci & Technol, Hanoi, Vietnam
Viet Nam Acad Sci & Technol, Inst Oceanog, Hanoi, Vietnam
Vietnam Acad Sci & Technol, Inst Ecol & Biol Resources, Dept Bot, Hanoi, Vietnam
Inst Math VAST, 18 Hoang Quoc Viet, Hanoi 10307, Vietnam
VAST, Inst Marine Biochem IMBC, Dept Bioact Prod, 18 Hoang Quoc Viet, Hanoi, Vietnam
Vietnam Acad Sci & Technol, Inst Chem, 18 Hoang Quoc Viet Str, Hanoi, Vietnam
VAST, IMER, 246 Da Nang St, Haiphong, Vietnam
Inst Mech VAST, Hanoi 264, Doi Can, Vietnam
VAST, Inst Phys, Ctr Quantum Elect, Hanoi, Vietnam
Vietnam Acad Sci & Technol, Vietnam Natl Museum, 18 Hoang Quoc Viet Cau Giay, Hanoi, Vietnam
Vietnamese Acad Sci & Technol, Inst Math, 18 Hoang Quoc Viet St, Hanoi, Vietnam
VAST, Inst Phys, 10 Dao Tan, Hanoi, Vietnam
Vietnam Acad Sci & Technol, Inst Ecol & Biol Resources, Plant Resources Dept, Hanoi, Vietnam
Vietnam Acad Sci & Technol, Dept Adv Mat Sci & Nanotechnol, 18 Hoang Quoc Viet, Hanoi, Vietnam
Vietnam Acad Sci & Technol, Mientrung Inst Sci Res, Hue City 8454, Vietnam
Vietnam Acad Sci & Technol, Inst Trop Biol, Dept Biol Resources, 85 Tran Quoc Toan Rd,Dist 3, Hochiminh City, Vietnam
Vietnam Acad Sci & Technol, Inst Oceanog, Dept Aquaculture Biotechnol, 01 Cau Da, Nha Trang, Vietnam
VAST, Hanoi Inst Math, Hanoi, Vietnam
Viet Nam Acad Sci & Technol, Inst Ecol & Biol Resources, Hanoi, Vietnam
Vietnam Acad Sci & Technol, ICT Lab, 18 Romig Quoc Viet Str, Hanoi, Vietnam
Vietnam Acad Sci & Technol, Inst Nat Prod Chem, Hanoi, Vietnam
VAST, Inst Ecol & Biol Resources, Hanoi, Vietnam
Vietnam Acad Sci & Technol, Inst Ecol & Biol Resources, Dept Remote Sensing Ecol, 18 Hoang Quoc Viet, Hanoi, Vietnam
Grad Univ Sci & Technol, Vietnam Acad Sci & Technol, 18 Hoang Quoc Viet Rd, Hanoi, Vietnam
Univ Sci & Technol Hanoi, Dept Water Environm Oceanog, 18 Hoang Quoc Viet, Hanoi 100000, Vietnam
USTH, HILO, 18 Hoang Quoc Viet, Hanoi, Vietnam
Vietnam Acad Sci & Technol, Inst Phys, Dept NanoBiophoton, 10 Dao Tan, Hanoi, Vietnam
Vietnam Acad Sci & Technol, HCMC Inst Resources Geog, 1 Mac Dinh Chi Str,Dist 1, Ho Chi Minh City, Vietnam
Vietnam Acad Sci & Technol, Inst Geog, 18 Hoang Quoc Viet Str, Hanoi 10000, Vietnam
Vietnam Natl Museum Nat, Hanoi, Vietnam
Vietnam Acad Sci & Technol, Inst Mat Sci, 18 Hoang Quoc Viet, Hanoi 100000, Vietnam
Univ Sci & Technol Hanoi, Dept Biotechnol & Pharmacol, Hanoi, Vietnam
VAST, Ho Chi Minh City, Vietnam
Vietnam Acad Sci & Technol, Inst Chem, 18 Hoang Quoc Viet, Hanoi, Vietnam
Vietnam Acad Sci & Technol, Inst Nat Prod Chem, Bldg 1H,18 Hoang Quoc Viet, Hanoi, Vietnam
Vietnam Acad Sci & Technol, Vietnam Natl Museum Nat, Dept Bot, 18th Hoang Quoc Viet Rd, Hanoi, Vietnam
Vietnam Acad Sci & Technol, Inst Genome Res, Hanoi 100000, Vietnam
Inst Informat Technol, Hanoi, Vietnam
Vietnam Acad Sci & Technol, Inst Marine Biochem, Adv Ctr Bioorgan Chem, 18 Hoang Quoc Viet, Hanoi 100000, Vietnam
Grad Univ Sci & Technol, VAST, 18 Hoang Quoc Viet, Hanoi, Vietnam
Vietnam Acad Sci & Technol, Dept Marine Phytoplankton, Inst Oceanog, 01 Cau Da, Nha Trang City, Vietnam
VAST, Inst Mat Sci, Lab Carbon Nanomat, Hanoi, Vietnam
Vietnam Acad Sci & Technol, Inst Mat Sci, 18 Hoang Quoc Viet St, Hanoi, Vietnam
Vietnam Acad Sci & Technol, Inst Trop Technol, 18 Hoang Quoc Viet St, Hanoi 100000, Vietnam
Vietnam Acad Sci & Technol, Inst Informat Technol, Hoang Quoc Viet 18, Hanoi 10, Vietnam
VAST, Inst Marine Biochem, Dept Bioact Prod, 18 Hoang Quoc Viet, Hanoi, Vietnam
Vietnam Acad Sci & Technol, Inst Geog, Dept Environm Informat Study & Anal, Hanoi, Vietnam
Vietnam Acad Sci & Technol, Ctr High Technol Dev, A2 Bldg,18 Hoang Quoc Viet Rd, Hanoi, Vietnam
Vietnam Acad Sci & Technol, Inst Phys, Ctr Computat Phys, 10 Dao Tan, Hanoi, Vietnam
Vietnam Acad Sci & Technol, Ctr Quantum Elect, Inst Phys, POB 429, Hanoi 10000, Vietnam
VAST, Inst Marine Environm & Resources, 246 Danang, Ngo Quyen, Haiphong, Vietnam
VAST, Nha Trang Inst Technol Res & Applicat, 2 Hung Vuong, Nha Trang, Vietnam
Vietnam Acad Sci & Technol, Southern Inst Ecol, 1 Mac Dinh Chi, Ho Chi Minh City, Vietnam
Vietnamese Acad Sci & Technol, Natl Key Lab Inst Trop Biol, Ho Chi Minh, Vietnam
Vietnam Acad Sci & Technol, Grad Univ Sci & Technol, 18 Hoang Quoc Viet Rd, Hanoi, Vietnam
Vietnam Acad Sci & Technol, Inst Oceanog, 01 Cau Da St, Nha Trang City, Khanh Hoa Provi, Vietnam
Vietnam Acad Sci & Techol, Inst Trop Biol, 85 Tran Quoc Toan Rd,Dist 3, Ho Chi Minh City, Vietnam
VNSC VAST, Dept Astrophys, 18 Hoang Quoc Viet, Hanoi, Vietnam
Inst Nat Prod Chem, 18 Hoang Quoc Viet Str, Hanoi, Vietnam
Vietnam Acad Sci & Technol, 18 Hoang Quoc Viet, Hanoi 122121, Vietnam
VAST, Inst Trop Biol, 85 Tran Quoc Toan St,Dist 3, Ho Chi Minh City, Vietnam
Vietnam Acad Sci & Technol, Ctr High Technol Dev, 18 Hoang Quoc Viet Str, Hanoi, Vietnam
264 Doi Can, Hanoi, Vietnam
Vietnam Acad Sci Technol, Inst Ecol & Biol Resources, Dept Bot, Hanoi, Vietnam
VAST, Inst Phys, Ho Chi Minh City, Vietnam
Dept Adv Mat Sci & Nanotechnol, 18 Hoang Quoc Viet, Hanoi 100000, Vietnam
USTH, Vietnam Acad Sci & Technol, Dept Adv Mat Sci & Nanotechnol, 18 Hoang Quoc Viet, Hanoi, Vietnam
VAST, Inst Math, 18 Hoang Quoc Viet Rd,Cau Giay Dist 10307, Hanoi, Vietnam
Vietnam Acad Sci & Technol, Inst Trop Technol, Hanoi, Vietnam
VAST, Inst Marine Biochem, 18 Hoang Quoc Viet rd,Cau Giay, Hanoi, Vietnam
Vietnam Acad Sci & Technol, Inst Chem, A18,18 Hoang Quoc Viet, Hanoi, Vietnam
Vietnam Acad Sci & Technol, Ctr High Technol Dev, 18 Hoang Quoc Viet St, Hanoi, Vietnam
Vietnam Acad Sci & Technol, Inst Ecol & Biol Resources, Dept Aquat Ecol, Hanoi, Vietnam
VAST, Inst Math, Hanoi, Vietnam
VAST, IGS, Hanoi 100000, Vietnam
VAST, Inst Phys, 10 Dao Tan, Hanoi 118011, Vietnam
Vietnam Acad Sci & Technol, Grad Sch Sci & Technol, 18 Hoang Quoc Viet, Hanoi, Vietnam
Vietnam Acad Sci & Technol, Inst Chem Technol, 1 Mac Dinh Chi St,Dist 1, Ho Chi Minh City, Vietnam
Grad Univ Sci & Technol, Vietnam Acad Sci & Technol, Hanoi, Vietnam
Vietnam Acad Sci & Technol, Inst Phys, Ctr Computat Phys, 10 Dao Tan St, Hanoi, Vietnam
VAST, Inst Marine Environm Resources, 246 Nang, Haiphong, Vietnam
Vietnam Acad Sci & Technol, Inst Oceanog, Dept Biochem, 1 Cau Da, Nha Trang, Khanh Hoa, Vietnam
Vietnam Acad Sci & Technol, Ho Chi Minh City Inst Phys, Mac Dinh Chi St 1,Dist 1, Ho Chi Minh City, Vietnam
Vietnam Acad Sci & Technol, Inst Chem, Hanoi 1000, Vietnam
Vietnam Acad Sci & Technol, Inst Mat Sci, 18 Hoang Quoc Viet, Caugiay, Hanoi, Vietnam
Inst Math VAST, 18 Hoang Quoc Viet, Hanoi, Vietnam
Vietnam Acad Sci & Technol, Inst Biotechnol, Lab Embryo Technol, Hanoi, Vietnam
Vietnam Acad Sci & Technol, Inst Chem, Ba Dinh City, Vietnam
Vietnam Acad Sci & Technol, Inst Phys, 10 Dao Tan, Hanoi 100000, Vietnam
Vietnam Acad Sci & Technol, Inst Chem ICH, A18,18 Hoang Quoc Viet, Hanoi, Vietnam
Vietnam Acad Sci & Technol VAST, Inst Marine Biochem IMBC, Hanoi, Vietnam
Vietnam Acad Sci & Technol, Vietnam Natl Museum Nat, Dept Biol, 18th Hoang Quoc Viet Rd, Hanoi, Vietnam
Univ Sci & Technol Hanoi Vietnam France Univ, Dept Adv Mat Sci & Nanotechnol, 18 Hoang Quoc Viet, Hanoi, Vietnam
Inst Trop Technol, 18 Hoang Quoc Viet, Hanoi 122300, Vietnam
Vietnam Natl Museum Nat, 18 Hoang Quoc Viet Rd, Hanoi, Vietnam
VAST, Inst Mech, Dept Solid Mech, Hanoi, Vietnam
VAST, Vietnam Natl Museum Nat, 18 Hoang Quoc Viet, Hanoi, Vietnam
Vietnam Acad Sci & Technol, Inst Math, 18 Hoang Quoc Viet, Hanoi 10307, Vietnam
Vietnam Acad Sci & Technol, Dept Biol Resources, Inst Trop Biol, 85 Tran Quoc Toan St,Dist 3, Hochiminh City, Vietnam
Acad Sci & Technol, Ctr Training Consultancy & Technol Transfer, 18 Hoang Quoc Viet Rd, Hanoi, Vietnam
VAST, Inst Math, 18 Hoang Quoc Viet St, Hanoi 10307, Vietnam
Vietnam Acad Sci & Technol, IGR, Hanoi, Vietnam
VAST, Inst Marine Geol & Geophys, 18 Hoang Quoc Viet St, Hanoi, Vietnam
Vietnam Acad Sci & Technol VAST, Inst Phys, 1 Mac Dinh Chi St,Dist 1, Ho Chi Minh City, Vietnam
VAST, IEBR, 18 Hoang Quoc Viet, Hanoi 10000, Vietnam
Vietnam Acad Sci ence & Technol, Inst Biotechnol, Hanoi, Vietnam
VAST, Inst Biotechnol, Hanoi 100000, Vietnam
Vietnam Acad Sci & Technol, Inst Chem Technol, Ho Chi Minh City 700000, Vietnam
Inst Mech, Hanoi, Vietnam
Inst Biotechnol, Dept Immunol, 18 Hoang Quoc Viet Rd, Hanoi, Vietnam
Vietnam Natl Satellite Ctr, VAST, Dept Astrophys, 18 Hoang Quoc Viet, Hanoi, Vietnam
Grad Univ Sci & Technol, Vietnam Acad Sci & Technol, Hanoi 100000, Vietnam
Vietnam Acad Sci & Technol, Inst Math, Grad Training Ctr, 18 Hoang Quoc Viet, Hanoi 10307, Vietnam
Vietnam Acad Sci & Technol, Ctr Training Consultancy & Technol Transfer, Hanoi, Vietnam
VAST, ITT, 18 Hoang Quoc Viet, Hanoi, Vietnam
VAST, Inst Geophys, A8,18 Hoang Quoc Viet, Hanoi, Caugiay, Vietnam
VAST, STI, Hanoi, Vietnam
VAST, Inst Biotechnol IBT, Hanoi, Vietnam
Le Nguyen, TS, Vietnam Acad Sci & Technol, Inst Biotechnol, 18 Hoang Quoc Viet Rd, Hanoi 10600, Vietnam
Ctr High Technol Dev HTD, 18 Hoang Quoc Viet St, Hanoi 122121, Vietnam
VAST, Inst Trop Technol, Hanoi, Vietnam
Vietnamese Acad Sci & Technol, Hanoi Inst Geophys, Hanoi 100803, Vietnam
Vietnam Acad Sci & Technol, Inst Genome Res, 18 Hoang Quoc Viet, Hanoi, Vietnam
Vietnam Acad Sci & Technol VAST, Inst Phys, Ctr Theoret Phys, 18 Hoang Quoc Viet, Hanoi, Vietnam
Vietnam Acad Sci & Technol, Inst Ecol & Biol Resources, Dept Plant Resources, Hanoi, Vietnam
Vietnam Acad Sci & Technol, Inst Marine Biochem, 18 Hoang Quoc Viet, Hanoi 100000, Vietnam
Vietnam Natl Museum Nat, Vietnam Acad Sci & Technol, Dept Biol, Hanoi, Vietnam
VAST, VNMN, 18 Hoang Quoc Viet St, Hanoi, Vietnam
VAST, Inst Marine Biochem, 18 Hoang Quoc Viet, Hanoi 100000, Vietnam
VAST, Grad Univ Sci & Technol, 18 Hoang Quoc Viet, Hanoi 100000, Vietnam
Vietnamese Acad Sci & Technol, Inst Math, 18 Hoang Quoc Viet, Hanoi, Vietnam
VAST, Inst Math, Optimizat & Control Dept, Hanoi, Vietnam
Vietnam Acad Sci & Technol, Mien Trung Inst Sci Res, Quang Tri Ctr Sci & Technol, Dong Ha, Quang Tri, Vietnam
Vietnam Acad Sci & Technol IGP VAST, Inst Geophys, 18 Hoang Quoc Viet,A8-18, Hanoi, Vietnam
Vietnam Acad Sci & Technol, Inst Marine Environm & Resources, Haiphong, Vietnam
Grad Univ Sci & Technol, Fac Chem, 18 Hoang Quoc Viet, Hanoi, Vietnam
Van Sinh, N, Vietnam Acad Sci & Technol, IEBR, 18 Hoang Quoc Viet, Hanoi, Vietnam
Vietnam Acad Sci & Technol, Inst Appl Mat Sci, 1 Mac Dinh Chi St,1 Dist, Ho Chi Minh City, Vietnam
Vietnam Acad Sci & Technol, Dept Aquat Ecol & Water Environm, Inst Ecol & Biol Resources, 18 Hoang Quoc Viet, Hanoi, Vietnam
Vietnam Acad Sci & Technol, Inst Chem, 18 Hoang Quoc Viet St, Hanoi, Vietnam
Grad Univ Sci & Technol, Hanoi, Vietnam
Univ Sci & Technol Hanoi, Dept Water Environm Oceanog, 18 Hoang Quoc Viet, Hanoi, Vietnam
Vietnam Acad Sci & Technol, Inst Ecol & Biol Resources, Dept Parasitol, Hanoi, Vietnam
Vietnam Acad Sci & Technol, Ctr Training Consultancy & Technol Transfer, 18 Hoang Quoc Viet St, Ha Noi City, Vietnam
Vietnam Acad Sci & Technol, Tay Nguyen Inst Sci Res, Hanoi, Vietnam
Vietnam Acad Sci & Technol, Inst Chem, 18-Hoang Quoc Viet, Hanoi, Vietnam
Vietnam Acad Sci & Technol, Inst Phys, Ctr Computat Phys, POB 429 Bo Ho, Hanoi 10000, Vietnam
Vietnam Acad Sci & Technol, Inst Phys, Ctr Quantum Elect, Hanoi, Vietnam
Vietnam Acad Sci & Technol, Ctr Informat & Comp CIC, 18 Hoang Quoc Viet Cau Giay, Hanoi, Vietnam
Vietnam Acad Sci & Technol, Inst Phys Ho Chi Minh City, Ho Chi Minh 70000, Vietnam
Vietnam Acad Sci & Technol, Ctr High Technol Dev, 18 Hoang Quoc Viet, Hanoi, Vietnam
Vietnam Acad Sci & Technol, Inst Nat Prod Chem, Dept Bioact Prod, Hanoi, Vietnam
Vietnam Acad, Inst Ecol & Biol Resources, 18,Hoangquocviet, Hanoi, Vietnam
Vietnam Acad Sci & Technol, Energy Dept, Hanoi, Vietnam
Vietnam Acad Sci & Technol, Inst Math, Ho Chi Minh City, Vietnam
Vietnam Acad Sci & Technol, Space Technol Inst, GIS, Hanoi, Vietnam
VAST, Inst Resource Geog, Ho Chi Minh City, Vietnam
Univ Sci & Technol Hanoi, Viet Nam Acad Sci & Technol, Energy Dept, Hanoi, Vietnam
Vietnam Acad Sci & Technol, Inst Mat Sci, A2 Bldg,18 Hoang Quoc Viet Rd, Hanoi 122102, Vietnam
VAST, Nha Trang Inst Technol Applicat & Res, 02 Hung Vuong St, Nhatrang City, Khanhhoa Provin, Vietnam
Vietnam Acad Sci & Technol, Inst Oceanog, Cau Da 1, Nha Trang, Khanh Hoa, Vietnam
Vietnam Acad Sci & Technol, Inst Energy Sci, Hanoi, Vietnam
VAST, Inst Nat Prod Chem, Hanoi 100000, Vietnam
Vietnamese Acad Sci & Technol, Inst Informat Technol, Hanoi, Vietnam
Vietnamese Acad Sci & Technol, Inst Mat Sci, 18 Hoang Quoc Viet, Hanoi 10000, Vietnam
Vietnam Acad Sci & Technol, Grad Univ Sci & Technol, Hanoi 10000, Vietnam
Vietnam Acad Sci & Technol, Inst Trop Technol, 18 Hoang Quoc Viet Rd, Hanoi, Vietnam
Vietnam Acad Sci & Technol, Vietnam Natl Museum Nat, Hanoi, Vietnam
Vietnamese Acad Sci & Technol, Inst Geophys, Hanoi, Vietnam
Vietnam Acad Sci & Technol, Inst Appl Mat Sci, Hochiminh City 700000, Vietnam
Vietnam Acad Sci & Technol, Inst Marine Biochem, Adv Ctr Bioorgan Chem, 18 Hoang Quoc Viet, Hanoi 8404, Vietnam
Vietnamese Acad Sci & Technol, Inst Trop Technol, 18 Hoang Quoc Viet Rd, Hanoi, Vietnam
Vietnam Acad Sci & Techonl, Dept Bioresources, Inst Trop Biol, 85 Tran Quoc Toan Rd,Dist 3, Ho Chi Minh City, Vietnam
Univ Sci & Technol Hanoi, Space & Aeronaut Dept, Hanoi, Vietnam
Vietnam Acad Sci & Technol, Inst Energy Sci, A9 Bldg,18 Hoang Quoc Viet, Hanoi, Vietnam
Vietnam Acad Sci & Technol, Inst Genome Res, Hanoi, Vietnam
VAST, IMS, 18 Hoang Quoc Viet St, Hanoi, Vietnam
HoChiMinh City Inst Resources Geog VAST, 01 Mac Dinh Chi, Ho Chi Minh City, Vietnam
Vietnam Acad Sci & Technol, Ctr High Technol Dev HTD, 2B Bldg,18 Hoang Quoc Viet Rd, Hanoi 122102, Vietnam
Univ Sci & Technol Hanoi, ICTLab Res Lab, Hanoi, Vietnam
Vietnam Acad Sci & Technol, Tay Nguyen Inst Sci Res, Plant Resources Dept, Da Lat, Vietnam
Vietnam Acad Sci & Technol, Inst Oceanog, 01 Cau Da, Nha Trang, Vietnam
Viet Nam Acad Sci & Technol, Inst Nat Prod Chem, 18 Hoang Quoc Viet Rd, Hanoi, Vietnam
Vietnam Acad Sci & Technol, Inst Appl Mat Sci, Ho Chi Minh City, Vietnam
Vietnam Acad Sci & Technol, Inst Geol Sci, 84 Chua Lang St, Hanoi, Vietnam
Vietnamese Acad Sci & Technol, Nhatrang Inst Technol Res & Applicat, 2 Hung Vuong St, Nha Trang, Vietnam
VAST, Insitute Genome Res, 18 Hoang Quoc Viet, Hanoi, Vietnam
Vietnam Natl Museum Nat VAST, Hanoi, Vietnam
Vietnam Natl Museum Nat, Vietnam Acad Sci & Technol, Dept Biol, 18 Hoang Quoc Viet St, Hanoi, Vietnam
Vietnam Acad Sci & Technol, Inst Phys, 10 Dao Tan, Hanoi 10000, Vietnam
Vietnam Acad Sci & Technol, Inst Biotechnol, Lab Bioassay, 18-Hoang Quoc Viet, Hanoi, Vietnam
VAST, Vietnam Natl Satellite Ctr, Dept Astrophys, Hanoi 100000, Vietnam
Vietnam Acad Sci & Technol, Inst Trop Biol, 85 Tran Quoc Toan St,Dist 3, Ho Chi Minh 700000, Vietnam
Inst Phys, Hanoi, Vietnam
Vietnam Acad Sci & Technol, Inst Biotechnol, Dept Algal Biotechnol, 18 Hoang Quoc Viet Rd, Hanoi, Vietnam
VAST, Inst Mat Sci, Lab Mat & Engn Opt Fiber, Hanoi, Vietnam
Vietnam Acad Sci & Technol, Grad Univ Sci & Technol, 18 Hoang Quoc Viet,Cau Giay, Hanoi, Vietnam
Vietnam Acad Sci & Technol, Inst Biotechnol, Plant Cell Genet Lab, Hanoi, Vietnam
Vietnam Acad Sci & Technol, Inst Mat Sci, Hanoi, Vietnam
Vietnam Acad Sci & Technol, Ho Chi Minh City Inst Phys, Mac Dinh Chi Str 1,Dist 1, Ho Chi Minh City, Vietnam
Vietnam Acad Sci & Technol, Tay Nguyen Inst Sci Res, Dalat City, Lam Dong Provin, Vietnam
Inst Marine Biochem, 18 Hoang Quoc Viet, Hanoi, Vietnam
Vietnam Acad Sci & Technol, Dept Solid Mech, Inst Mech, 18 Hoang Quoc Viet, Hanoi, Vietnam
Vietnam Acad Sci & Technol, Inst Marine Biochem, Adv Ctr Bioorgan Chem, 18 Hoang Quoc Viet, Hanoi, Vietnam
VAST, Inst Marine Environm & Resources, 246 Da Nang, Haiphong 180000, Vietnam
VAST, Inst Chem, Hanoi, Vietnam
Vietnam Acad Sci & Technol, Vietnam Southern Satellite Technol Applicat Ctr, 1 Mac Dinh Chi St, Ho Chi Minh City, Vietnam
VAST, Dept Bioact Prod, Inst Nat Prod Chem, 18 Hoang Quoc Viet, Hanoi, Vietnam
Vietnam Acad Sci & Technol, Inst Ecol & Biol Resources, Dept Aquat Ecol, 18 Hoang Quoc Viet, Hanoi, Vietnam
VietNam Acad Sci & Technol, Hanoi 122102, Vietnam
Dept Adv Mat Sci & Nanotechnol, 18 Hoang Quoc Viet St, Hanoi, Vietnam
Vietnamese Acad Sci & Technol, Inst Trop Biol, Natl Key Lab, 9-621 Hanoi Highway, Ho Chi Minh City, Vietnam
Vietnam Acad Sci & Technol, Inst Mat Sci, 18-Hoang Quoc Viet St, Ho Chi Minh City, Vietnam
Vietnam Acad Sci & Technol, Dept Specimen Collect Management, Vietnam Natl Museum Nat, Hanoi, Vietnam
Vietnam Acad Sci & Technol, Inst Biotechnol, Natl Key Lab Gene Technol, Hanoi, Vietnam
Vietnam Acad Sci & Technol, Inst Trop Biol, 85 Tran Quoc Toan St, Ho Chi Minh 700000, Vietnam
Vietnam Acad Sci & Technol, Inst Chem Technol, 1 Mac Dinh Chi Str,Dist 1, Ho Chi Minh City, Vietnam
Dept Water, Environm, Oceanog, 18 Hoang Quoc Viet, Hanoi, Vietnam
Vietnam Acad Sci & Technol, Lab Plant Cell Biotechnol, Inst Biotechnol, 18 Hoang Quoc Viet, Hanoi, Vietnam
Vietnam Acad Sci & Technol, Univ Sci & Technol, 18 Hoang Quoc Viet, Hanoi, Vietnam
Vietnam Acad Sci & Technol, Inst Phys, 10 DaoTan, Hanoi, Vietnam
Inst Math, Dept Probabil & Math Stat, Hanoi, Vietnam
Vietnam Acad Sci & Technol, Hanoi 122102, Vietnam
VAST, STI, 18 Hoang Quoc Viet, Hanoi, Vietnam
USTH, Dept Biotechnol Pharmacol, 18 Hoang Quoc Viet Rd, Hanoi, Vietnam
Vietnam Acad Sci & Technol VAST, Inst Mat Sci IMS, 18 Hoang Quoc Viet Rd, Hanoi, Vietnam
Grad Univ Sci & Technol, Vietnam Acad Sci & Technol, 18 Hoang Quoc Viet Cau Giay, Hanoi, Vietnam
Vietnam Acad Sci & Technol, Inst Trop Biol, Dept Biol Resources, 85 Tran QuocToan St,Dist 3, Ho Chi Minh City, Vietnam
VAST, Inst Ecol & Biol Resources, 18 Hoang Quoc Viet, Hanoi, Vietnam
Vietnam Acad Sci & Technol, Dept Vertebrate Zool, Inst Ecol & Biol Resources, Hanoi, Vietnam
Vietnam Acad Sci & Technol, Inst Mech, Ho Chi Minh, Vietnam
Vietnam Acad Sci & Technol, Inst Mat Sci, Lab Magnetism & Superconduct, 18 Hoang Quoc Viet, Hanoi, Vietnam
Vietnam Acad Sci & Technol, Inst Trop Biol, VNM Herbarium, 85 Tran Quoc Toan Rd,Dist 3, Ho Chi Minh City, Vietnam
Vietnam Acad Sci & Technol, Inst Environm Technol, Danang Environm Technol Ctr, Tran Dai Nghia Rd, Ngu Hanh Son Dist, Danang, Vietnam
Vietnam Acad Sci & Technol, Vietnam Natl Museum Nat, 18 Hoang Quoc Viet St, Hanoi, Vietnam
Vietnam Acad Sci & Technol, IEBR, Dept Parasitol, 18 Hoang Quoc Viet, Hanoi, Vietnam
Vietnamese Acad Sci & Technol, Ho Chi Minh City, Vietnam
USTH, VAST, Hanoi, Vietnam
Vietnam Acad Sci & Technol, Inst Chem, Dept Funct Polymers & Nanomat, Hanoi, Vietnam
VAST, Mientrung Inst Sci Res, Quang Tri Ctr Sci & Technol, Dong Ha, Quang Tri, Vietnam
Vietnam Acad Sci & Technol, NhaTrang Inst Technol Res & Applicat, Nhatrang, Vietnam
Vietnam Acad Sci & Technol, Inst Nat Prod Chem, 18 Hoang Quoc Viet, Hanoi, Vietnam
Vietnam Acad Sci & Technol, Nha Trang Inst Technol Res & Applicat, Ba Dinh City, Vietnam
Vietnam Acad Sci & Technol, Ist Chem Technol, Ho Chi Minh City 700000, Vietnam
Vietnam Acad Sci & Technol, Adv Ctr Phys, 18 Hoang Quoc Viet, Hanoi, Vietnam
Inst Ecol & Biol Resources, Hanoi, Vietnam
Vietnam Acad Sci & Technol, Inst Energy Sci, 18 Hoang Quoc Viet, Hanoi, Vietnam
Vietnam Acad Sci & Technol, Inst Ecol & Biol Resources, 18 Hoang Quoc Viet Rd, Hanoi, Vietnam
Vietnam Acad Sci & Technol, HCMC Inst Resources Geog, 01 Mac Dinh Chi St,Dist 1, Ho Chi Minh City, Vietnam
Vietnam Acad Sci & Technol, Inst Mat Sci, 18 Hoang Quoc Viet, Hanoi, Vietnam
Vietnam Acad Sci & Technol, Grad Univ Sci & Technol, Ctr Quantum & Opt Sci, Hanoi, Vietnam
VAST, Inst Informat Technol, Hanoi, Vietnam
Vietnamese Acad Sci & Technol, Inst Biotechnol, Hanoi, Vietnam
Vietnam Acad Sci & Technol, Inst Environm Technol, Danang Environm Technol Ctr, Tran Dai Nghia Rd, Danang City 59000, Vietnam
VAST, Grad Univ Sci & Technol, 18-Hoang Quoc Viet, Hanoi, Vietnam
Vietnam Acad Sci & Technol, Inst Oceanog, Dept Hydrogeochem, 01 Cau Da, Nha Trang City, Vietnam
Vietnam Acad Sci & Technol, Inst Appl Mat Sci, 1 Mac Dinh Chi St,Dist 1, Ho Chi Minh City 70001, Vietnam
Inst Oceanog, Dept Marine Bot, 01 Cauda, Nha Trang City, Vietnam
Vietnam Acad Sci & Technol, Inst Chem, 18 Hoang Quoc Viet St, Hanoi 10000, Vietnam
Vietnam Acad Sci & Technol, Dept Bot, Inst Ecol & Biol Resources, 18 Hoang Quoc Viet, Hanoi 10000, Vietnam
VAST, Inst Marine Environm & Resources, Haiphong, Vietnam
Vietnamese Acad Sci & Technol, Inst Phys, 10 Daotan, Hanoi, Vietnam
Vietnam Acad Sci Technol, Tay Nguyen Inst Sci Res, Hanoi, Vietnam
Inst Biotechnol IBT VAST, Genet Engn Lab, 18 Hoang Quoc Viet, Cau Giay Hanoi, Vietnam
Vietnam Acad Sci & Technol, Inst Biotechnol, 18 Hoang Quoc Viet Rd, Hanoi 10600, Vietnam
Vietnam Acad Sci & Technol, Inst Trop Biol, Dept Environm Management & Technol, 85 Tran Quoc Toan St,Dist 3, Ho Chi Minh City, Vietnam
Vietnam Acad Sci & Technol, Dept Pharmacol Med & Agron Biotechnol, 18 Hoang Quoc Viet, Hanoi, Vietnam
VAST, Inst Marine Geol & Geophys, A27 Bldg,18 Hoang Quoc Viet, Hanoi, Vietnam
USTH, Dept Water Environm Oceanog, 18 Hoang Quoc Viet, Hanoi, Vietnam
VAST, Inst Environm Technol, Hanoi, Vietnam
Vietnam Acad Sci & Technol, Inst Marine Environm & Resources, 246 Danang St, Haiphong, Vietnam
Vietnam Acad Sci & Technol, Ho Chi Minh City, Vietnam
Vietnam Acad Sci & Technol, Inst Chem, 18 Hoang Quoc Viet Rd, Hanoi 100000, Vietnam
Vietnam Acad Sci & Technol, Inst Phys, Ctr Nucl Phys, Hanoi, Vietnam
Vietnam Acad Sci & Technol, Inst Marine Biochem IMBC, Hanoi, Vietnam
Vietnam Acad Sci & Technol, Inst Geophys, A8,18 Hoang Quoc Viet, Hanoi, Vietnam
Vietnam Acad Sci & Technol, Inst Trop Biol, Dept Biol Resources, 85 Tran Quoc Toan Rd, Hochiminh City, Vietnam
VAST, Inst Math, Hanoi 10307, Vietnam
Vietnam Acad Sci & Technol, Inst Ecol & Biol Resources, 18 Hoang Qnoc Viet, Hanoi, Vietnam
Grad Univ Sci & Technol, 18 Hoang Quoc Viet, Hanoi, Vietnam
Van Do, T, Vietnam Acad Sci & Technol, Vietnam Natl Museum Nat, 18 Hoang Quoc Viet, Hanoi, Vietnam
Vietnam Acad Sci & Technol, Inst Ecol & Biol Resources, Dept Vertebrate Zool, 18 Hoang Quoc Viet St, Hanoi, Vietnam
Vietnam Acad Sci & Technol, Inst Biotechnol, Lab Fermentat Technol, Hanoi, Vietnam
18 Hoang Quoc Viet, Hanoi, Vietnam
Vietnam Acad Sci & Technol, Inst Environm Technol, A30,18 Hoang Quoc Viet St, Hanoi, Vietnam
Vietnam Acad Sci & Technol, Grad Training Ctr, Inst Math, Hanoi, Vietnam
Vietnam Acad Sci & Technol, Inst Chem Technol, 01 Mac Dinh Chi, Ho Chi Minh City, Vietnam
Vietnam Acad Sci & Technol, Inst Ecol & Biol Resources, Dept Remote Sensing Ecol, Hanoi, Vietnam
Vietnam Acad Sci & Technol, Inst Mat Sci, 18 Hoang Quoc Viet Rd, Hanoi 100000, Vietnam
Vietnam Acad Sci & Technol, Inst Oceanog, Cau Da 01, Nha Trang, Khanh Hoa, Vietnam
