Univ Med & Pharm, Sch Pharm, Ho Chi Minh City, Vietnam
Univ Med & Pharm, Dept Pharmacognosy, Fac Pharm, 41-43 Dinh Tien Hoang,Quan 1, Ho Chi Minh, Vietnam
Ho Chi Minh City Univ Med & Pharm, Dept Basic Sci, Ho Chi Minh City, Vietnam
Univ Med & Pharm, Fac Odontostomatol, Dept Periodontol, 652 Nguyen Trai St,Ward 11,Dist 5, Ho Chi Minh City, Vietnam
Univ Med & Pharm Ho Chi Minh City, Fac Pharm, Dept Organ Chem, 41 Dinh Tien Hoang St,Dist 1, Ho Chi Minh City 701000, Vietnam
Univ Med & Pharm, Ho Chi Minh City 70000, Vietnam
Ho Chi Minh City Univ Med & Pharm, Fac Publ Hlth, 159 Hung Phu St,Dist 8, Ho Chi Minh City, Vietnam
Univ Med & Pharm Ho Chi Minh City, Mol Biol, Ho Chi Minh City, Vietnam
Univers Med & Pharm, Dist 5, Ho Chi Minh City, Vietnam
HCMC Univ Med & Pharm, Coll Pharm, 41 Dinh Tien Hoang St,Dist 1, Ho Chi Minh City, Vietnam
Univ Med & Pharm Hochiminh City, Ctr Mol Biomed, Hochiminh City, Vietnam
Univ Med & Pharm Ho Chi Minh City, Fac Tradit Med, Ho Chi Minh City, Vietnam
Univ Med & Pharm Ho Chi Minh City, Dept Neurol, Ho Chi Minh City, Vietnam
HCMC Univ Pharmaceut & Med, Ho Chi Minh City, Vietnam
Univ Med & Pharm, Urol, Ho Chi Minh City, Ho Chi Minh, Vietnam
Univ Med & Pharm Ho Chi Minh City, Dept Math, Ho Chi Minh City, Vietnam
Univ Med & Pharm Ho Chi Minh City, Dept Family Med, Ho Chi Minh, Vietnam
Univ Med & Pharm, Dept Phys Chem, Ho Chi Minh City 760000, Vietnam
Univ Med & Pharm, Dept Environm Hlth, Ho Chi Minh, Vietnam
Univ Med & Pharm, Fac Med, Dept Internal Med, Ho Chi Minh City, Vietnam
Univ Med & Pharm Ho Chi Minh City, Fac Pharm, Nanoprod Lab, Ho Chi Minh City, Vietnam
Univ Med & Pharm, Dept Internal Med, Ho Chi Minh, Vietnam
Univ Med & Pharm, Dept Pharmacol, Fac Pharm, Ho Chi Minh City, Vietnam
Univ Med & Pharm Ho Chi Minh, Sch Pharm, 41 Dinh Tien Hoang,Dist 1, Ho Chi Minh City 700000, Vietnam
Univ Med & Pharm Ho Chi Minh City, Sch Pharm, Ho Chi Minh 700000, Vietnam
Univ Med & Pharm, Fac Pharm, Dept Organ Chem, Ho Chi Minh City 700000, Vietnam
Univ Med & Pharm, Fac Med, Dept Obstet & Gynecol, 217 Hong Bang St,Ward 11,Dist 5, Ho Chi Minh City, Vietnam
Univ Med & Pharm, Dept Oncol, Ho Chi Minh City, Vietnam
Univ Med & Pharm Ho Chi Minh City, Fac Publ Hlth, Ho Chi Minh City, Vietnam
Univ Med & Pharm, Ctr Mol Biomed, Hcmc 700000, Vietnam
Univ Med & Pharm, Fac Pharm, 41 Dinh Tien Hoang St,Dist 1, Ho Chi Minh City 700000, Vietnam
Univ Med & Pharm, Dept Infect Dis, Ho Chi Minh City, Vietnam
Univ Med & Pharm, Univ Med Ctr, Ho Chi Minh City, Vietnam
Univ Med and Pharm, Ho Chi Minh City, Vietnam
Ho Chi Minh Univ Med & Pharm, Dept Epidemiol, Ho Chi Minh, Vietnam
Univ Med & Pharm, Dept Phys Chem, Ho Chi Minh City, Vietnam
Univ Med & Pharm Ho Chi Minh City, Fac Pharm, Dept Med Chem, 41 Dinh Tien Hoang,Dist 1, Ho Chi Minh City 700000, Vietnam
Univ Med & Pharm Ho Chi Minh City, 221B Hoang Van Thu,Dist 8, Ho Chi Minh City 700000, Vietnam
Ho Chi Minh City Univ Med & Pharm, Fac Publ Hlth, 159 Hung Phu St,Ward 8,Dist 8, Ho Chi Minh City, Vietnam
Univ Med & Pharm, Fac Med, Dept Obstet & Gynaecol, 217 Hong Bang St,Ward 11,Dist 5, Ho Chi Minh City, Vietnam
Univ Med & Pharm, Dept Internal Med, Hochiminh, Vietnam
Univ Med & Pharm Ho Chi Minh City, Dept Pediat, Ho Chi Minh City, Vietnam
Univ Med & Pharm, HCMC, Dept Obstet & Gynaecol, 217 Hong Bang,11th Ward,Quan 5, Ho Chi Minh, Vietnam
Hochiminh City Univ Med & Pharm, Dept Internal Med, Ho Chi Minh City, Vietnam
Univ Med & Pharm, Fac Med, Dept Internal Med, 217 Hong Bang St,Ward 11,Dist 5, Ho Chi Minh, Vietnam
Univ Med & Pharm, Ho Chi Minh City, Ho Chi Minh, Vietnam
Univ Med & Pharm, Dept Pharm Adm, Fac Pharm, 41 Dinh Tien Hoang St,Dist 1, Ho Chi Minh City 700000, Vietnam
Univ Med & Pharm, Dept Obstet & Gynecol, Ho Chi Minh City, Vietnam
Univ Med & Pharm, Hochiminh City, Vietnam
Univ Med & Pharm, Ctr Mol Biomed, Ho Chi Minh City, Vietnam
Univ Med & Pharm, Fac Publ Hlth, 217 Hong Bang St,Dist 5, Ho Chi Minh City, Vietnam
Univ Med & Pharm, Fac Pharm, Ben Nghe Ward, 41 Dinh Tien Hoang St,Dist 1, Ho Chi Minh City, Vietnam
Univ Med & Pharm, Dept Med Chem, Fac Pharm, Ho Chi Minh City, Vietnam
Univ Med & Pharm, Fac Publ Hlth, Dept Environm Hlth, Ho Chi Minh City 70000, Vietnam
Univ Med & Pharm, Dept Physiol, Ho Chi Minh, Vietnam
Univ Med & Pharm Ho Chi Minh City, Publ Hlth, Ho Chi Minh, Vietnam
Univ Med & Pharm, Ho Chi Minh City, Vietnam
Univ Med & Pharm Ho Chi Minh City, Dept Oncol, Ho Chi Minh, Vietnam
Univ Med & Pharm, Fac Pharm, Ho Chi Minh City, Vietnam
Med & Pharm Univ, Ho Chi Minh City, Vietnam
Univ Med & Pharm, 217 Hong Bang St,Ward 11,Dist 5, Ho Chi Minh City, Vietnam
Ho Chi Minh City Univ Med & Pharm, Ho Chi Minh, Vietnam
Ho Chi Minh City Med & Pharm Univ, Ho Chi Minh City, Vietnam
Univ Med & Pharm Ho Chi Minh City, Ctr Mol Biomed, Ho Chi Minh, Vietnam
Univ Med & Pharm Ho Chi Minh City, Univ Med Ctr, Cardiovasc Surg Dept, Ho Chi Minh City, Vietnam
Univ Med & Pharm, Dept Med, Ho Chi Minh City, Vietnam
Univ Pharm & Med Ho Chi Minh City, Ho Chi Minh City, Vietnam
Univ Med & Pharm, Dept Pediat, Ho Chi Minh, Vietnam
Univ Med & Pharm, Dept Neurol, Ho Chi Minh, Vietnam
Univ Med & Pharm HCMC, Dept Obstet & Gynaecol, IVFMD, My Duc Hosp,Res Ctr Genet & Reprod Hlth,Sch Med, Ho Chi Minh City, Vietnam
Univ Med & Pharm Ho Chi Minh, Dept Oncol, Ho Chi Minh, Vietnam
Univ Med & Pharm, Fac Odontostomatol, Ho Chi Minh City, Vietnam
Univ Med & Pharm Ho Chi Minh City, Obstet & Gynaecol, Ho Chi Minh, Vietnam
Univ Med & Pharm Ho Chi Minh City, Fac Med, Dept Oncol, Ho Chi Minh City, Vietnam
Univ Med & Pharm, Dept Microbiol, Ho Chi Minh, Vietnam
Univ Med & Pharm HCMC, Dept Obstet & Gynaecol, 217 Hong Bang St,Dist 5, Ho Chi Minh City, Vietnam
Univ Med & Pharm, Ctr Mol Biomed, 217 Hong Bang,Dist 5, Ho Chi Minh City 70000, Ho Chi Minh, Vietnam
Univ Med & Pharm Ho Chi Minh City, Internal Med, Ho Chi Minh, Vietnam
Univ Med & Pharm Ho Chi Minh City, Ctr Mol Biomed, 217 Hong Bang St,Dist 5, Ho Chi Minh City, Vietnam
Univ Med & Pharm, Dept Hematol, Ho Chi Minh City, Vietnam
Univ Med & Pharm, Mol Biomed Ctr, Ho Chi Minh, Vietnam
Univ Med & Pharm Ho Chi Minh City, Dept Organ Chem, Fac Pharm, Ho Chi Minh City 700000, Vietnam
Univ Med & Pharm, Dept Pharm Adm, Fac Pharm, 41-43 Dinh Tien Hoang St,Ben Nghe Ward,Dist 1, Ho Chi Minh City 700000, Vietnam
Univ Med & Pharm Ho Chi Minh City, Fac Med, Dept Family Med, 217 Hong Bang St,Dist 5, Ho Chi Minh City 70000, Vietnam
Univ Med & Pharm Ho Chi Minh City, Ho Chi Minh, Vietnam
Univ Med & Pharm Ho Chi Minh City, Dept Clin Pharm, Ho Chi Minh City, Vietnam
Univ Med & Pharm Ho Chi Minh City, Sch Pharm, Dept Clin Pharm, Ho Chi Minh, Vietnam
Univ Med & Pharm HCMC, Ctr Mol Biomed, Ho Chi Minh City, Vietnam
Univ Med & Pharm, Dept Pathol, Ho Chi Minh City, Vietnam
Univ Med & Pharm, Dept Gynecol & Obstet, Ho Chi Minh City 70000, Vietnam
Univ Med & Pharm, Dept Orthopaed Surg, Ho Chi Minh, Vietnam
Univ Med & Pharm Ho Chi Minh City, Dept TB & Lung Dis, Ho Chi Minh, Vietnam
Ho Chi Minh City Univ Med & Pharm, Ho Chi Minh City, Vietnam
Univ Med & Pharm, Fac Odontostomatol, Dept Dent Basic Sci, Ho Chi Minh City, Vietnam
Univ Med & Pharm, Fac Nursing & Med Technol, Diagnost Dept, Ho Chi Minh City, Vietnam
Univ Med & Pharm, Ctr Mol Biomed, Ho Chi Minh City 70000, Vietnam
Univ Med & Pharm Ho Chi Minh City, Fac Med, Dept TB & Lung Dis, 217 Hong Bang St, Ho Chi Minh City 70000, Vietnam
Univ Med & Pharm, Fac Publ Hlth, Ho Chi Minh City, Vietnam
Univ Med & Pharm, Fac Med, Dept Physiol, Ho Chi Minh City, Vietnam
Uni Pharm & Med Ho Chi Minh, Ho Chi Minh, Vietnam
Univ Med & Pharm Ho Chi Minh City, Dept Microbiol & Parasitol, Fac Pharm, Ho Chi Minh City 700000, Vietnam
Univ Med & Pharm Ho Chi Minh City UMPH, Ho Chi Minh City, Vietnam
Univ Med & Pharm Ho Chi Minh City, Dept Pathol, Ho Chi Minh City 70000, Vietnam
Univ Hosp, Med & Pharm, Ho Chi Minh City, Vietnam
Univ Med & Pharm, Ctr Mol Biomed, Hochiminh City, Vietnam
HCMC, Univ Med & Pharm, Ho Chi Minh, Vietnam
Univ Med & Pharm Ho Chi Minh City, Fac Odontostomatol, Dept Dent Basic Sci, Ho Chi Minh City, Vietnam
Univ Med & Pharm Ho Chi Minh City, Fac Odontostomatol, Dept Periodontol, Ho Chi Minh City, Vietnam
Univ Med & Pharm, Dept Environm Hlth, Fac Publ Hlth, Ho Chi Minh, Vietnam
Univ Med & Pharm Ho Chi Minh City, Physiol, Ho Chi Minh City, Vietnam
Univ Med & Pharm, Fac Nursing & Med Technol, Ho Chi Minh City, Vietnam
Univ Med & Pharm Ho Chi Minh City, Fac Med, Ho Chi Minh City, Vietnam
Univ Med & Pharm Ho Chi Minh, Ho Chi Minh, Vietnam
Univ Med & Pharm Ho Chi Minh City, Dept Pathol, 217 Hong Bang St,Ward 11,Dist 5, Ho Chi Minh City, Vietnam
Univ Med & Pharm, Fac Nursing & Med Technol, Dept Nursing, Ho Chi Minh City, Vietnam
Univ Med & Pharm HCMC, Ho Chi Minh City, Vietnam
Univ Med & Pharm Ho Chi Minh City, Dept Dermatol, Ho Chi Minh City, Vietnam
Univ Med & Pharm Ho Chi Minh City, 217 Hong Bang,Ward 11st, Dist 5, Ho Chi Minh City 70000, Vietnam
Univ Med & Pharm, Dept Obstet & Gynaecol, 217 Hong Bang St, Ho Chi Minh City, Vietnam
Univ Med & Pharm, Dept Chem, Hochiminh City, Vietnam
Univ Med & Pharm Ho Chi Minh City, Dept Genet Lab, Ho Chi Minh City, Vietnam
Univ Med & Pharm Ho Chi Minh City, Ctr Mol Biomed, Lab Cutaneous Res, Ho Chi Minh City, Vietnam
Univ Med & Pharm, Dept Internal Med, Hochiminh City, Vietnam
Univ Med & Pharm, Resp Care Ctr, Ho Chi Minh City, Vietnam
Univ Med & Pharm Ho Chi Minh City, Dept Obstet & Gynaecol, 217 Hong Bang,Dist 5, Ho Chi Minh City, Vietnam
Univ Med & Pharm, Ho Chi Minh City 7000005, Vietnam
Univ Med & Pharm, Dept Gen Internal Med, Ho Chi Minh City, Vietnam
Univ Med & Pharm, Fac Pharm, Dept Pharmacol, Ho Chi Minh City 700000, Vietnam
Univ Med & Pharm, Dept Internal Med, 215 Hong Bang,Dist 5, Hochiminh City 70000, Ho Chi Minh, Vietnam
Univ Med & Pharm Ho Chi Minh City, Ho Chi Minh City 700000, Vietnam
Univ Med & Pharm, Childrens Hosp 2, Ho Chi Minh City, Vietnam
Ho Chi Minh Univ Med & Pharm, Fac Publ Hlth, Dept Epidemiol, Ho Chi Minh, Vietnam
Univ Pharm & Med Ho Chi Min City, Ho Chi Minh, Vietnam
Ho Chi Minh City Univ Med & Pharm, Dept Geriatr, Ho Chi Minh, Vietnam
Univ Med & Pharm, Fac Med, Ho Chi Minh City, Vietnam
Univ Med & Pharm, 217 Hong Bang St,Dist 5, Ho Chi Minh City, Vietnam
Univ Med & Pharm, Fac Publ Hlth, 217 Hong Bang,Dist 5, Ho Chi Minh City, Vietnam
Univ Med & Pharm, Dept Obstet & Gynaecol, Ho Chi Minh City, Vietnam
HCMC Univ Med & Pharm, Dept Internal Med, Ho Chi Minh City, Vietnam
Univ Med & Pharm, Dept Gen Surg, 217 Hong Bang Dist 5, Ho Chi Minh City, Vietnam
Univ Med & Pharm Ho Chi Minh City, Fac Med, Ho Chi Minh City 70000, Vietnam
Univ Med & Pharm, Ho Chi Minh, Vietnam
Univ Med & Pharm, Fac Publ Hlth, Dept Environm Hlth, Ho Chi Minh City, Vietnam
Univ Med & Pharm, Fac Publ Hlth, 217 Hong Bang, Ho Chi Minh City, Vietnam
Univ Med & Pharm Ho Chi Minh City, Dept Internal Med, Ho Chi Minh, Vietnam
Univ Med & Pharm, Ctr Mol Biomed, HCMC, Ho Chi Minh City 700000, Vietnam
Univ Med & Pharmacy HCMC, Dept Math, Ho Chi Minh City, Vietnam
Univ Med & Pharm Ho Chi Minh City, Fac Pharm, Dept Med Chem, 41 Dinh Tien Hoang,Dist 1, Ho Chi Minh City, Vietnam
Univ Med & Pharm HCMC, Dept Obstet & Gynaecol, Ho Chi Minh City, Vietnam
Univ Med & Pharm Hochiminh City, Ctr Mol Biomed, Hochiminh, Vietnam
Univ Med & Pharm, Hcm City, Vietnam
Univ Med & Pharm Ho Chi Minh City, Ho Chi Minh City, Vietnam
Univ Med & Pharm, Dept Pharm Adm, Fac Pharm, Ho Chi Minh City, Vietnam
Univ Med & Pharm Ho Chi Minh City, Fac Pharm, Dept Pharm Adm, Ho Chi Minh, Vietnam
Univ Med & Pharm, Dept Gynecol & Obstet, Ho Chi Minh City, Vietnam
Univ Med & Pharm, Fac Dent, Ho Chi Minh City, Vietnam
Univ Med & Pharm Ho Chi Minh City, Ctr Mol Biomed, 217 Hong Bang,Dist 5, Ho Chi Minh 70000, Vietnam
Univ Med & Pharm, Fac Pharm, Dept Med Chem, Ho Chi Minh City 700000, Vietnam
Ho Chi Minh Univ Med & Pharmacol, Fac Odontostomatol, Ho Chi Minh Ville, Vietnam
Univ Med & Pharm, Dept Internal Med, Fac Med, Ho Chi Minh City, Vietnam
Univ Med & Pharm, Fac Pharm, Ho Chi Minh City 700000, Vietnam
Univ Med & Pharm, Fac Pharm, Ho Chi Minh, Vietnam
Ho Chi Minh City Med & Pharm Univ, Ho Chi Minh, Vietnam
Univ Med & Pharm Ho Chi Minh City, Dept Infect Dis, Ho Chi Minh City, Vietnam
Univ Med & Pharm, Fac Med, Dept Hematol, Ho Chi Minh City, Vietnam
Univ Med & Pharm Ho Chi Minh City, Hong Bang, Ho Chi Minh, Vietnam
Univ Med & Pharm, Dept Neurol Surg, Ho Chi Minh City, Vietnam
Univ Med & Pharm Ho Chi Minh City, Dept Med Chem, Fac Pharm, 41 Dinh Tien Hoang St, Ho Chi Minh City 700000, Vietnam
Ho Chi Minh City Univ Med & Pharm, Dept Basic Sci, 217 Hong Bang St,Dist 5, Ho Chi Minh City 749051, Vietnam
Univ Med & Pharm, Dept Orthopaed & Rehabil, Ho Chi Minh City, Vietnam
Univ Med & Pharm, Dept Intens Care Med, Emergency Med & Clin Toxicol, Ho Chi Minh City, Vietnam
Ho Chi Minh City Univ Med & Pharm, Med Lab Falculty, Nursing & Med Technol, Ho Chi Minh City, Vietnam
Univ Med & Pharm, Hcmc, Vietnam
Univ Med & Pharm Ho Chi Minh City, Fac Publ Hlth, Dept Med Stat, Ho Chi Minh City, Vietnam
Med & Pharm Univ Ho Chi Minh City, Dept Pediat, Ho Chi Minh City, Vietnam
Univ Med & Pharm, Dept Internal Med, Ho Chi Minh City, Vietnam
Univ Med & Pharm Ho Chi Minh City, Fac Publ Hlth, Dept Environm Hlth, Ho Chi Minh City, Vietnam
